USE `aduna937_othala`;

SET FOREIGN_KEY_CHECKS = 0;

INSERT INTO `addresses` VALUES (1,'jacopo.frediani@gmail.com','JACOPO','FREDIANI','STRADA CASSIA SUD 15/A','SIENA',53100,'SI','ITALIA','3392113342',0,'casa'),(2,'simone.bagnolesi@gmail.com','simone','bagnolesi','via aretina 89','siena',53100,'si','ITALIA','3332965518',0,'casa');
INSERT INTO `article` VALUES (26,1,9,11,1,'thumb20141212125853994&056_67e9e8a5-d66d-44cd-a47c-cd3ea09fd7e1.JPG',1,'111111'),(26,2,10,11,1,'thumb20141212125853994&056_67e9e8a5-d66d-44cd-a47c-cd3ea09fd7e1.JPG',1,'111111'),(27,1,9,11,1,'thumb20141212130310393&126_7d3eddbf-a535-4b73-8fad-d8dcba0417de.JPG',1,'111112'),(28,1,26,13,1,'thumb20141212130809331&036_1bbd79c9-88f1-413f-bd28-c62935725194.JPG',1,'111113'),(28,2,3,8,1,'thumb20141212130818063&033_1eb358a5-5e31-4e96-b8c7-764352cbb62a.JPG',1,'111113');
INSERT INTO `brand` VALUES (1,'LANVIN'),(2,'BALMAIN'),(3,'DSQUARED'),(4,'MOSCHINO'),(5,'DOLCE E GABBANA'),(6,'STONE ISLAND'),(7,'BLOCH'),(8,'ARMANI'),(9,'DIOR'),(10,'SAINT LAURENT'),(11,'ALEXANDER MCQUEEN'),(12,'UGG AUSTRALIA'),(13,'GIVENCHY'),(14,'APRIL 77'),(15,'VALENTINO'),(16,'ANN DEMEULEMEESTER'),(17,'JUST CAVALLI'),(18,'DIESEL'),(19,'EACH X OTHER');
INSERT INTO `campaigns` VALUES (1,'SALDI A/I 2014','2014-09-18','2014-12-31',70);
INSERT INTO `color` VALUES (1,'en','ORANGE'),(1,'it','ARANCIONE'),(2,'en','SILVER'),(2,'it','ARGENTO'),(3,'en','BEIGE'),(3,'it','BEIGE'),(4,'en','WHITE'),(4,'it','BIANCO'),(5,'en','BLUE'),(5,'it','BLU'),(6,'en','LIGHT BLUE'),(6,'it','CELESTE'),(7,'en','DENIM'),(7,'it','DENIM'),(8,'en','YELLOW'),(8,'it','GIALLO'),(9,'en','GREY'),(9,'it','GRIGIO'),(10,'en','BROWN'),(10,'it','MARRONE'),(11,'en','BLACK'),(11,'it','NERO'),(12,'en','GOLD'),(12,'it','ORO'),(13,'en','ROSE'),(13,'it','ROSA'),(14,'en','RED'),(14,'it','ROSSO'),(15,'en','GREEN'),(15,'it','VERDE'),(16,'en','PURPLE'),(16,'it','VIOLA'),(17,'en','LEOPARD'),(17,'it','LEOPARD');
INSERT INTO `configuration` VALUES ('1','Configurazione txBarcode - se 0 a livello di prodotto, se 1 a livello di articolo',1);
INSERT INTO `customer_roles` VALUES ('jacopo.frediani@gmail.com','CUSTOMER'),('shop@magboutique.it','AMMINISTRATORE'),('simone.bagnolesi@gmail.com','CUSTOMER');
INSERT INTO `customer` VALUES ('jacopo.frediani@gmail.com','benito79','JACOPO','FREDIANI',NULL,2),('shop@magboutique.it','shop@mag','A','A','A',1),('simone.bagnolesi@gmail.com','didone1976','simone','bagnolesi',NULL,2);
INSERT INTO `delivery_cost` VALUES (1,'SPEDIZIONE GRATUITA',0.00,0,'GLS Parcel camionistico',NULL),(2,'GLS Zefiro via aerea',9.74,0,'GLS Zefiro via aerea',NULL),(3,'GLS Zefiro via aerea',20.04,0,'GLS Zefiro via aerea',NULL),(4,'GLS Zefiro via aerea',17.19,0,'GLS Zefiro via aerea',NULL),(5,'GLS Zefiro via aerea',17.43,0,'GLS Zefiro via aerea',NULL),(6,'GLS Zefiro via aerea',19.56,0,'GLS Zefiro via aerea',NULL),(7,'GLS Zefiro via aerea',34.15,0,'GLS Zefiro via aerea',NULL),(8,'GLS Zefiro via aerea',48.94,0,'GLS Zefiro via aerea',NULL),(9,'GLS Zefiro via aerea',49.46,0,'GLS Zefiro via aerea',NULL),(10,'GLS Parcel camionistico',13.80,0,'GLS Parcel camionistico',NULL),(11,'GLS Parcel camionistico',14.05,0,'GLS Parcel camionistico',NULL),(12,'GLS Parcel camionistico',15.70,0,'GLS Parcel camionistico',NULL),(13,'GLS Parcel camionistico',16.76,0,'GLS Parcel camionistico',NULL),(14,'GLS Parcel camionistico',17.25,0,'GLS Parcel camionistico',NULL),(15,'GLS Parcel camionistico',18.97,0,'GLS Parcel camionistico',NULL),(16,'GLS Parcel camionistico',19.35,0,'GLS Parcel camionistico',NULL),(17,'GLS Parcel camionistico',20.45,0,'GLS Parcel camionistico',NULL),(18,'GLS Parcel camionistico',21.48,0,'GLS Parcel camionistico',NULL),(19,'GLS Parcel camionistico',23.66,0,'GLS Parcel camionistico',NULL),(20,'GLS Parcel camionistico',25.88,0,'GLS Parcel camionistico',NULL),(21,'GLS Parcel camionistico',27.46,0,'GLS Parcel camionistico',NULL),(22,'GLS Parcel camionistico',28.34,0,'GLS Parcel camionistico',NULL),(23,'GLS Parcel camionistico',28.59,0,'GLS Parcel camionistico',NULL),(24,'GLS Parcel camionistico',30.68,0,'GLS Parcel camionistico',NULL),(25,'GLS Parcel camionistico',31.45,0,'GLS Parcel camionistico',NULL),(26,'GLS Parcel camionistico',36.73,0,'GLS Parcel camionistico',NULL),(27,'GLS Parcel camionistico',40.91,0,'GLS Parcel camionistico',NULL),(28,'GLS Parcel camionistico',41.35,0,'GLS Parcel camionistico',NULL),(29,'GLS Parcel camionistico',45.30,0,'GLS Parcel camionistico',NULL);
INSERT INTO `delivery_nazioni` VALUES (1,'ITALIA'),(2,'Austria'),(2,'Belgium'),(2,'Denmark'),(2,'Finland'),(2,'France'),(2,'Germany'),(2,'Greece'),(2,'Ireland'),(2,'Luxembourg'),(2,'Monaco'),(2,'Netherlands'),(2,'Portugal'),(2,'Spain'),(2,'Sweden'),(2,'United Kingdom'),(3,'Bulgaria'),(3,'Croatia'),(3,'Cyprus'),(3,'Czech Republic'),(3,'Estonia'),(3,'Hungary'),(3,'Latvia'),(3,'Lithuania'),(3,'Malta'),(3,'Poland'),(3,'Romania'),(3,'Slovakia'),(3,'Slovenia'),(4,'Andorra'),(4,'Gibraltar'),(4,'Switzerland'),(5,'Canary Islands'),(5,'Faroe Islands'),(5,'Guernsey'),(5,'Iceland'),(5,'Jersey'),(5,'Norway'),(6,'Canada'),(6,'United States'),(7,'American Samoa'),(7,'Anguilla'),(7,'Antigua and Barbuda'),(7,'Argentina'),(7,'Aruba'),(7,'Australia'),(7,'Bahamas'),(7,'Bahrain'),(7,'Bangladesh'),(7,'Barbados'),(7,'Belize'),(7,'Bermuda'),(7,'Bolivia'),(7,'Bonaire'),(7,'Brazil'),(7,'Brunei Darussalam'),(7,'Cameroon'),(7,'Cayman Islands'),(7,'Chile'),(7,'Colombia'),(7,'Costa Rica'),(7,'Curacao'),(7,'Dominica'),(7,'Dominican Republic'),(7,'Ecuador'),(7,'Egypt'),(7,'El Salvador'),(7,'Equatorial Guinea'),(7,'Fiji'),(7,'French Guiana'),(7,'Greenland'),(7,'Grenada'),(7,'Guadeloupe'),(7,'Guam'),(7,'Guatemala'),(7,'Guyana'),(7,'Haiti'),(7,'Honduras'),(7,'Hong Kong'),(7,'India'),(7,'Indonesia'),(7,'Ivory Coast'),(7,'Jamaica'),(7,'Japan'),(7,'Kenya'),(7,'Kuwait'),(7,'Macao'),(7,'Malaysia'),(7,'Maldives'),(7,'Martinique'),(7,'Mexico'),(7,'Micronesia'),(7,'Montserrat'),(7,'Nevis'),(7,'New Caledonia'),(7,'New Zealand'),(7,'Nigeria'),(7,'Oman'),(7,'Pakistan'),(7,'Palau'),(7,'Panama'),(7,'Paraguay'),(7,'Peru'),(7,'Philippines'),(7,'Puerto Rico'),(7,'Qatar'),(7,'Saint Barthelemy'),(7,'Saint Eustatius'),(7,'Saint Kitts and Nevis'),(7,'Saint Lucia'),(7,'Saint Maarten'),(7,'Saint Vincent e Grenadine'),(7,'Samoa'),(7,'Saudi Arabia'),(7,'Senegal'),(7,'Singapore'),(7,'South Africa'),(7,'South Korea'),(7,'Sri Lanka'),(7,'Suriname'),(7,'Tahiti'),(7,'Taiwan'),(7,'Thailand'),(7,'Trinidad and Tobago'),(7,'Turkey'),(7,'United Arab Emirates'),(7,'Uruguay'),(7,'Venezuela'),(7,'Virgin Islands'),(8,'Algeria'),(8,'Benin'),(8,'Bhutan'),(8,'Botswana'),(8,'Burkina Faso'),(8,'Burundi'),(8,'Cambodia'),(8,'Cape Verde'),(8,'Center Africa'),(8,'Chad'),(8,'China'),(8,'Comoros'),(8,'Congo'),(8,'Cook Islands'),(8,'Djibouti'),(8,'East Timor'),(8,'Eritrea'),(8,'Ethiopia'),(8,'Gabon'),(8,'Gambia'),(8,'Ghana'),(8,'Guinea'),(8,'Guinea-Bissau'),(8,'Iraq'),(8,'Israel'),(8,'Jordan'),(8,'Lao'),(8,'Lebanon'),(8,'Lesotho'),(8,'Liberia'),(8,'Libya'),(8,'Madagascar'),(8,'Malawi'),(8,'Mali'),(8,'Marshall Islands'),(8,'Mauritania'),(8,'Mauritius'),(8,'Mayotte'),(8,'Morocco'),(8,'Namibia'),(8,'Nauru'),(8,'Nepal'),(8,'Nicaragua'),(8,'Niger'),(8,'Papua New Guinea'),(8,'Reunion Island'),(8,'Rwanda'),(8,'Saipan'),(8,'Seychelles'),(8,'Sierra Leone'),(8,'Somalia'),(8,'Swaziland'),(8,'Syria'),(8,'Tanzania'),(8,'Togo'),(8,'Tonga'),(8,'Tunisia'),(8,'Turks and Caicos Islands'),(8,'Tuvalu'),(8,'Uganda'),(8,'Vanuatu'),(8,'Vietnam'),(8,'Yemen'),(8,'Zambia'),(8,'Zimbabwe'),(9,'Afghanistan'),(9,'Albania'),(9,'Angola'),(9,'Armenia'),(9,'Azerbaijan'),(9,'Belarus'),(9,'Bosnia and Herzegovina'),(9,'Cuba'),(9,'Falkland Islands'),(9,'Georgia'),(9,'Iran'),(9,'Kazakhstan'),(9,'Kiribati'),(9,'Kosovo'),(9,'Kyrgyzstan'),(9,'Macedonia'),(9,'Moldova'),(9,'Mongolia'),(9,'Montenegro'),(9,'Mozambique'),(9,'Myanmar, Burma'),(9,'Niue'),(9,'North Korea'),(9,'Russian Federation'),(9,'Serbia'),(9,'Solomon Islands'),(9,'South Sudan'),(9,'Sudan'),(9,'Tajikistan'),(9,'Ukraine'),(9,'Uzbekistan'),(10,'Austria'),(11,'Belgium'),(12,'France'),(12,'Germany'),(12,'Luxembourg'),(12,'Netherlands'),(13,'Liechtenstein'),(14,'Switzerland'),(15,'Denmark'),(15,'Slovenia'),(16,'England'),(16,'Galles'),(16,'Scotland'),(17,'Hungary'),(18,'Croatia'),(18,'Serbia'),(19,'Poland'),(20,'Czech Republic'),(20,'Spain'),(21,'Sweden'),(22,'Slovakia'),(23,'Bulgaria'),(23,'Estonia'),(23,'Latvia'),(23,'Lithuania'),(23,'Norway'),(23,'Portugal'),(23,'Romania'),(24,'Ireland'),(25,'Finland'),(26,'Turkey'),(27,'Greece'),(28,'Nord Ireland'),(29,'Cyprus'),(29,'Malta');
INSERT INTO `gender` VALUES (1,'en','Man'),(1,'it','Uomo'),(2,'en','Woman'),(2,'it','Donna'),(3,'en','Boy'),(3,'it','Bambino'),(4,'en','Girl'),(4,'it','Bambina'),(5,'en','Unisex'),(5,'it','Unisex');
INSERT INTO `group_images` VALUES ('carousel','images/home',20,757,1140,0),('new','images/home',1,130,260,0),('newArrivals','images/home',6,580,580,1),('promo','images/home',1,130,260,0),('tabNav','images/home',6,130,260,1);
INSERT INTO `material` VALUES (1,'en','COTTON'),(1,'it','COTONE'),(2,'en','SILK'),(2,'it','SETA'),(3,'en','WOOL'),(3,'it','LANA'),(4,'en','LEATHER'),(4,'it','PELLE');
INSERT INTO `nazioni` VALUES ('Afghanistan','en'),('Albania','en'),('Algeria','en'),('American Samoa','en'),('Andorra','en'),('Angola','en'),('Anguilla','en'),('Antigua and Barbuda','en'),('Argentina','en'),('Armenia','en'),('Aruba','en'),('Australia','en'),('Austria','en'),('Azerbaijan','en'),('Bahamas','en'),('Bahrain','en'),('Bangladesh','en'),('Barbados','en'),('Belarus','en'),('Belgium','en'),('Belize','en'),('Benin','en'),('Bermuda','en'),('Bhutan','en'),('Bolivia','en'),('Bonaire','en'),('Bosnia and Herzegovina','en'),('Botswana','en'),('Brazil','en'),('Brunei Darussalam','en'),('Bulgaria','en'),('Burkina Faso','en'),('Burundi','en'),('Cambodia','en'),('Cameroon','en'),('Canada','en'),('Canary Islands','en'),('Cape Verde','en'),('Cayman Islands','en'),('Center Africa','en'),('Chad','en'),('Chile','en'),('China','en'),('Colombia','en'),('Comoros','en'),('Congo','en'),('Cook Islands','en'),('Costa Rica','en'),('Croatia','en'),('Cuba','en'),('Curacao','en'),('Cyprus','en'),('Czech Republic','en'),('Denmark','en'),('Djibouti','en'),('Dominica','en'),('Dominican Republic','en'),('East Timor','en'),('Ecuador','en'),('Egypt','en'),('El Salvador','en'),('England','en'),('Equatorial Guinea','en'),('Eritrea','en'),('Estonia','en'),('Ethiopia','en'),('Falkland Islands','en'),('Faroe Islands','en'),('Fiji','en'),('Finland','en'),('France','en'),('French Guiana','en'),('Gabon','en'),('Galles','en'),('Gambia','en'),('Georgia','en'),('Germany','en'),('Ghana','en'),('Gibraltar','en'),('Greece','en'),('Greenland','en'),('Grenada','en'),('Guadeloupe','en'),('Guam','en'),('Guatemala','en'),('Guernsey','en'),('Guinea','en'),('Guinea-Bissau','en'),('Guyana','en'),('Haiti','en'),('Honduras','en'),('Hong Kong','en'),('Hungary','en'),('Iceland','en'),('India','en'),('Indonesia','en'),('Iran','en'),('Iraq','en'),('Ireland','en'),('Israel','en'),('ITALIA','it'),('Ivory Coast','en'),('Jamaica','en'),('Japan','en'),('Jersey','en'),('Jordan','en'),('Kazakhstan','en'),('Kenya','en'),('Kiribati','en'),('Kosovo','en'),('Kuwait','en'),('Kyrgyzstan','en'),('Lao','en'),('Latvia','en'),('Lebanon','en'),('Lesotho','en'),('Liberia','en'),('Libya','en'),('Liechtenstein','en'),('Lithuania','en'),('Luxembourg','en'),('Macao','en'),('Macedonia','en'),('Madagascar','en'),('Malawi','en'),('Malaysia','en'),('Maldives','en'),('Mali','en'),('Malta','en'),('Marshall Islands','en'),('Martinique','en'),('Mauritania','en'),('Mauritius','en'),('Mayotte','en'),('Mexico','en'),('Micronesia','en'),('Moldova','en'),('Monaco','en'),('Mongolia','en'),('Montenegro','en'),('Montserrat','en'),('Morocco','en'),('Mozambique','en'),('Myanmar, Burma','en'),('Namibia','en'),('Nauru','en'),('Nepal','en'),('Netherlands','en'),('Nevis','en'),('New Caledonia','en'),('New Zealand','en'),('Nicaragua','en'),('Niger','en'),('Nigeria','en'),('Niue','en'),('Nord Ireland','en'),('North Korea','en'),('Norway','en'),('Oman','en'),('Pakistan','en'),('Palau','en'),('Panama','en'),('Papua New Guinea','en'),('Paraguay','en'),('Peru','en'),('Philippines','en'),('Poland','en'),('Portugal','en'),('Puerto Rico','en'),('Qatar','en'),('Reunion Island','en'),('Romania','en'),('Russian Federation','en'),('Rwanda','en'),('Saint Barthelemy','en'),('Saint Eustatius','en'),('Saint Kitts and Nevis','en'),('Saint Lucia','en'),('Saint Maarten','en'),('Saint Vincent e Grenadine','en'),('Saipan','en'),('Samoa','en'),('Saudi Arabia','en'),('Scotland','en'),('Senegal','en'),('Serbia','en'),('Seychelles','en'),('Sierra Leone','en'),('Singapore','en'),('Slovakia','en'),('Slovenia','en'),('Solomon Islands','en'),('Somalia','en'),('South Africa','en'),('South Korea','en'),('South Sudan','en'),('Spain','en'),('Sri Lanka','en'),('Sudan','en'),('Suriname','en'),('Swaziland','en'),('Sweden','en'),('Switzerland','en'),('Syria','en'),('Tahiti','en'),('Taiwan','en'),('Tajikistan','en'),('Tanzania','en'),('Thailand','en'),('Togo','en'),('Tonga','en'),('Trinidad and Tobago','en'),('Tunisia','en'),('Turkey','en'),('Turks and Caicos Islands','en'),('Tuvalu','en'),('Uganda','en'),('Ukraine','en'),('United Arab Emirates','en'),('United Kingdom','en'),('United States','en'),('Uruguay','en'),('Uzbekistan','en'),('Vanuatu','en'),('Venezuela','en'),('Vietnam','en'),('Virgin Islands','en'),('Yemen','en'),('Zambia','en'),('Zimbabwe','en');
INSERT INTO `product_description` VALUES (26,'en','LIGHT WOOL GABARDINE SUIT'),(26,'it','ABITO IN GABARDINA DI LANA LEGGERA'),(27,'en','WOOL AND SILK BLEND TOKYO SUIT'),(27,'it','ABITO TOKYO IN LANA MISTO SETA'),(28,'en','65MM ROCKSTUD LEATHER PUMPS'),(28,'it','DECOLLET├ê \"ROCKSTUD\" IN PELLE 65MM');
INSERT INTO `product_image` VALUES (26,1,'20141212125853994&056_67e9e8a5-d66d-44cd-a47c-cd3ea09fd7e1.JPG'),(26,2,'20141212125853946&056_62a572b8-fff6-45bb-9fd1-a62e92f36f9a.JPG'),(26,3,'20141212125854176&056_f30d981a-4328-4d9d-90e4-f5d57d8dfb47 (1).JPG'),(27,1,'20141212130310393&126_7d3eddbf-a535-4b73-8fad-d8dcba0417de.JPG'),(27,2,'20141212130317826&126_fd3ec518-e9ac-499f-988c-06f2a2f4288e.JPG'),(27,3,'20141212130317861&126_0433937d-6f71-4eef-b33b-49d7bac974ce.JPG'),(28,1,'20141212130809331&036_1bbd79c9-88f1-413f-bd28-c62935725194.JPG'),(28,2,'20141212130818063&033_1eb358a5-5e31-4e96-b8c7-764352cbb62a.JPG'),(28,3,'20141212130818323&036_c89186f5-812d-42f7-be8c-13030095561b.JPG'),(28,4,'20141212130818290&036_7fab07d1-d8be-4582-bf31-fb485b1ea4b4.JPG');
INSERT INTO `product_state` VALUES (0,'INSERITO'),(1,'PUBBLICATO'),(2,'CANCELLATO');
INSERT INTO `product` VALUES (26,1,5,13,1292,30,'thumb20141212125853994&056_67e9e8a5-d66d-44cd-a47c-cd3ea09fd7e1.JPG',1,'2014-12-12 12:59:19',NULL,3,NULL),(27,1,5,3,1910,0,'thumb20141212130310393&126_7d3eddbf-a535-4b73-8fad-d8dcba0417de.JPG',1,'2014-12-12 13:03:35',NULL,3,500),(28,2,20,15,690,0,'thumb20141212130818063&033_1eb358a5-5e31-4e96-b8c7-764352cbb62a.JPG',1,'2014-12-12 13:08:57',1,4,NULL);
INSERT INTO `shops` VALUES (1,'Siena - via Banchi di Sotto','adunatasoftware@gmail.com','Degortes Outlet','Via Banchi di Sotto, 19 - 21','Siena',53100,'SI','Italia','+390577281103 '),(2,'Magazzino Badesse','adunatasoftware@gmail.com','Degortes Outlet','Via della Resistenza, 117/C','Siena',53100,'SI','Italia','+390577309334 ');
INSERT INTO `site_images` VALUES ('carousel',1,'A2.jpg',NULL,NULL),('carousel',2,'A1.jpg',NULL,NULL),('carousel',3,'A3.jpg',NULL,NULL),('carousel',4,'A4.jpg',NULL,NULL),('new',1,'new.png',NULL,NULL),('newArrivals',1,'newuomo2.jpg',1,'/cart/cart-catalog.xhtml?idMenu=1&fgNewArrivals=true&idSubMenu=0&idCampaign=0'),('newArrivals',2,'newdonna2.jpg',2,'/cart/cart-catalog.xhtml?idMenu=2&fgNewArrivals=true&idSubMenu=0&idCampaign=0'),('promo',1,'promo.png',NULL,NULL),('tabNav',1,'uomo.png',1,NULL),('tabNav',2,'donna.png',2,NULL),('tabNav',3,'bambino.png',3,NULL),('tabNav',4,'bambina.png',4,NULL),('tabNav',5,'unisex.png',5,NULL);
INSERT INTO `size` VALUES (1,'34'),(2,'36'),(3,'38'),(4,'40'),(5,'42'),(6,'44'),(7,'46'),(8,'48'),(9,'50'),(10,'52'),(11,'54'),(12,'56'),(13,'58'),(14,'60'),(15,'XXS'),(16,'XS'),(17,'S'),(18,'M'),(19,'L'),(20,'XL'),(21,'XXL'),(22,'U'),(24,'35'),(26,'37'),(28,'39'),(30,'41'),(32,'43'),(34,'45'),(36,'47'),(37,'24'),(38,'25'),(39,'26'),(40,'27'),(41,'28'),(42,'29'),(43,'30'),(44,'31'),(45,'32'),(46,'33'),(47,'36 1/2'),(48,'37 1/2'),(49,'38 1/2'),(50,'39 1/2');
INSERT INTO `states` VALUES (1,'INSERITO'),(2,'CANCELEDREVERSAL'),(3,'COMPLETED'),(4,'DENIED'),(5,'EXPIRED'),(6,'FAILED'),(7,'INPROGRESS'),(8,'PARTIALLYREFUNDED'),(9,'PENDING'),(10,'REFUNDED'),(11,'REVERSED'),(12,'PROCESSED'),(13,'VOIDED'),(14,'COMPLETEDFUNDSHELD'),(15,'SPEDITO'),(100,'REQUEST REFOUND'),(101,'REFOUND COMPLETED'),(102,'REFOUND REFUSED'),(103,'REFOUND CANCELED'),(200,'REQUEST CHANGE'),(201,'CHANGE COMPLETED'),(202,'CHANGE REFUSED'),(203,'CHANGE CANCELED'),(204,'INSTANT');
INSERT INTO `type_state_account` VALUES (1,'DISATTIVATO'),(2,'ATTIVATO'),(3,'CESSATO'),(4,'RESET_PSW');
INSERT INTO `type` VALUES (1,'en','ACCESSORIES'),(1,'it','ACCESSORI'),(2,'en','SHORTS'),(2,'it','BERMUDA'),(3,'en','SHIRTS'),(3,'it','CAMICIE'),(4,'en','COATS'),(4,'it','CAPPOTTI'),(5,'en','SUITS'),(5,'it','COMPLETI'),(6,'en','SWIMWEAR'),(6,'it','COSTUMI DA BAGNO'),(7,'en','SWEATSHIRTS'),(7,'it','FELPE'),(8,'en','JACKETS'),(8,'it','GIACCHE'),(9,'en','LEATHER JACKETS'),(9,'it','GIACCHE DI PELLE'),(10,'en','GILET'),(10,'it','GILET'),(11,'en','CASUAL JACKETS'),(11,'it','GIUBBOTTI'),(12,'en','SKIRTS'),(12,'it','GONNE'),(13,'en','UNDERWEAR'),(13,'it','INTIMO'),(14,'en','JEANS'),(14,'it','JEANS'),(15,'en','KNITWEAR'),(15,'it','MAGLIERIA'),(16,'en','PANTS'),(16,'it','PANTALONI'),(17,'en','FUR AND SHEARLING'),(17,'it','PELLICCE E SHEARLING'),(18,'en','DOWN JACKETS'),(18,'it','PIUMINI'),(19,'en','POLOS'),(19,'it','POLO'),(20,'en','SHOES'),(20,'it','SCARPE'),(21,'en','T-SHIRTS'),(21,'it','T-SHIRTS'),(22,'en','VESTS'),(22,'it','VESTITI');

SET FOREIGN_KEY_CHECKS = 1;