-- MySQL dump 10.13  Distrib 5.6.22, for Win32 (x86)
--
-- Host: localhost    Database: aduna937_othala
-- ------------------------------------------------------
-- Server version	5.6.22

/*!40101 SET @OLD_CHARACTER_SET_CLIENT=@@CHARACTER_SET_CLIENT */;
/*!40101 SET @OLD_CHARACTER_SET_RESULTS=@@CHARACTER_SET_RESULTS */;
/*!40101 SET @OLD_COLLATION_CONNECTION=@@COLLATION_CONNECTION */;
/*!40101 SET NAMES utf8 */;
/*!40103 SET @OLD_TIME_ZONE=@@TIME_ZONE */;
/*!40103 SET TIME_ZONE='+00:00' */;
/*!40014 SET @OLD_UNIQUE_CHECKS=@@UNIQUE_CHECKS, UNIQUE_CHECKS=0 */;
/*!40014 SET @OLD_FOREIGN_KEY_CHECKS=@@FOREIGN_KEY_CHECKS, FOREIGN_KEY_CHECKS=0 */;
/*!40101 SET @OLD_SQL_MODE=@@SQL_MODE, SQL_MODE='NO_AUTO_VALUE_ON_ZERO' */;
/*!40111 SET @OLD_SQL_NOTES=@@SQL_NOTES, SQL_NOTES=0 */;

--
-- Current Database: `aduna937_othala`
--

CREATE DATABASE /*!32312 IF NOT EXISTS*/ `aduna937_othala` /*!40100 DEFAULT CHARACTER SET utf8 */;

USE `aduna937_othala`;

--
-- Table structure for table `addresses`
--

DROP TABLE IF EXISTS `addresses`;
/*!40101 SET @saved_cs_client     = @@character_set_client */;
/*!40101 SET character_set_client = utf8 */;
CREATE TABLE `addresses` (
  `idAddress` int(11) NOT NULL AUTO_INCREMENT,
  `idUser` varchar(100) NOT NULL,
  `txNome` varchar(45) DEFAULT NULL,
  `txCognome` varchar(45) DEFAULT NULL,
  `txVia` varchar(100) DEFAULT NULL,
  `txComune` varchar(100) DEFAULT NULL,
  `cdCap` int(11) DEFAULT NULL,
  `txProvincia` varchar(100) DEFAULT NULL,
  `txNazione` varchar(100) DEFAULT NULL,
  `txTel` varchar(45) DEFAULT NULL,
  `fgDeleted` tinyint(4) DEFAULT NULL,
  `txEtichetta` varchar(100) DEFAULT NULL,
  PRIMARY KEY (`idAddress`),
  KEY `fk_Addresses_Customer1` (`idUser`),
  CONSTRAINT `fk_Addresses_Customer1` FOREIGN KEY (`idUser`) REFERENCES `customer` (`idUser`) ON DELETE NO ACTION ON UPDATE NO ACTION
) ENGINE=InnoDB AUTO_INCREMENT=3 DEFAULT CHARSET=utf8;
/*!40101 SET character_set_client = @saved_cs_client */;

--
-- Dumping data for table `addresses`
--

LOCK TABLES `addresses` WRITE;
/*!40000 ALTER TABLE `addresses` DISABLE KEYS */;
INSERT INTO `addresses` VALUES (1,'jacopo.frediani@gmail.com','JACOPO','FREDIANI','STRADA CASSIA SUD 15/A','SIENA',53100,'SI','ITALIA','3392113342',0,'casa'),(2,'simone.bagnolesi@gmail.com','simone','bagnolesi','via aretina 89','siena',53100,'si','ITALIA','3332965518',0,'casa');
/*!40000 ALTER TABLE `addresses` ENABLE KEYS */;
UNLOCK TABLES;

--
-- Table structure for table `article`
--

DROP TABLE IF EXISTS `article`;
/*!40101 SET @saved_cs_client     = @@character_set_client */;
/*!40101 SET character_set_client = utf8 */;
CREATE TABLE `article` (
  `idProduct` int(11) NOT NULL,
  `pgArticle` int(11) NOT NULL,
  `idSize` int(11) DEFAULT NULL,
  `idColor` int(11) DEFAULT NULL,
  `qtStock` int(11) DEFAULT NULL,
  `txThumbnailsUrl` varchar(100) DEFAULT NULL,
  `idShop` int(11) DEFAULT NULL,
  `txBarCode` varchar(45) DEFAULT NULL,
  `imPrice` decimal(15,2) DEFAULT NULL,
  `specialPrice` decimal(15,2) DEFAULT NULL,
  `pcDiscount` int(11) DEFAULT NULL,
  PRIMARY KEY (`idProduct`,`pgArticle`),
  KEY `fk_Article_Size1` (`idSize`),
  KEY `fk_Article_Color1` (`idColor`),
  KEY `fk_Article_Product1_idx` (`idProduct`),
  KEY `fk_Article_Shops1` (`idShop`),
  CONSTRAINT `fk_Article_Color1` FOREIGN KEY (`idColor`) REFERENCES `color` (`idColor`) ON DELETE NO ACTION ON UPDATE NO ACTION,
  CONSTRAINT `fk_Article_Product1` FOREIGN KEY (`idProduct`) REFERENCES `product` (`idProduct`) ON DELETE NO ACTION ON UPDATE NO ACTION,
  CONSTRAINT `fk_Article_Shops1` FOREIGN KEY (`idShop`) REFERENCES `shops` (`idShop`) ON DELETE NO ACTION ON UPDATE NO ACTION,
  CONSTRAINT `fk_Article_Size1` FOREIGN KEY (`idSize`) REFERENCES `size` (`idSize`) ON DELETE NO ACTION ON UPDATE NO ACTION
) ENGINE=InnoDB DEFAULT CHARSET=utf8;
/*!40101 SET character_set_client = @saved_cs_client */;

--
-- Dumping data for table `article`
--

LOCK TABLES `article` WRITE;
/*!40000 ALTER TABLE `article` DISABLE KEYS */;
INSERT INTO `article` VALUES (26,1,9,11,1,'thumb20141212125853994&056_67e9e8a5-d66d-44cd-a47c-cd3ea09fd7e1.JPG',1,'111111',1292.00,NULL,30),(26,2,10,11,1,'thumb20141212125853994&056_67e9e8a5-d66d-44cd-a47c-cd3ea09fd7e1.JPG',1,'111111',1292.00,NULL,30),(27,1,9,11,1,'thumb20141212130310393&126_7d3eddbf-a535-4b73-8fad-d8dcba0417de.JPG',1,'111112',1910.00,500.00,0),(28,1,26,13,14,'thumb20141212130809331&036_1bbd79c9-88f1-413f-bd28-c62935725194.JPG',1,'111113',690.00,2.00,1),(28,2,3,8,15,'thumb20141212130818063&033_1eb358a5-5e31-4e96-b8c7-764352cbb62a.JPG',1,'111113',690.00,2.00,1);
/*!40000 ALTER TABLE `article` ENABLE KEYS */;
UNLOCK TABLES;

--
-- Table structure for table `brand`
--

DROP TABLE IF EXISTS `brand`;
/*!40101 SET @saved_cs_client     = @@character_set_client */;
/*!40101 SET character_set_client = utf8 */;
CREATE TABLE `brand` (
  `idBrand` int(11) NOT NULL AUTO_INCREMENT,
  `txBrand` varchar(200) DEFAULT NULL,
  `idRegione` int(11) DEFAULT NULL,
  `idProvincia` int(11) DEFAULT NULL,
  `idUser` varchar(100) DEFAULT NULL,
  `urlFoto` varchar(100) DEFAULT NULL,
  PRIMARY KEY (`idBrand`)
) ENGINE=InnoDB AUTO_INCREMENT=20 DEFAULT CHARSET=utf8;
/*!40101 SET character_set_client = @saved_cs_client */;

--
-- Dumping data for table `brand`
--

LOCK TABLES `brand` WRITE;
/*!40000 ALTER TABLE `brand` DISABLE KEYS */;
INSERT INTO `brand` VALUES (1,'LANVIN',NULL,NULL,NULL,NULL),(2,'BALMAIN',NULL,NULL,NULL,NULL),(3,'DSQUARED',NULL,NULL,NULL,NULL),(4,'MOSCHINO',NULL,NULL,NULL,NULL),(5,'DOLCE E GABBANA',NULL,NULL,NULL,NULL),(6,'STONE ISLAND',NULL,NULL,NULL,NULL),(7,'BLOCH',NULL,NULL,NULL,NULL),(8,'ARMANI',NULL,NULL,NULL,NULL),(9,'DIOR',NULL,NULL,NULL,NULL),(10,'SAINT LAURENT',NULL,NULL,NULL,NULL),(11,'ALEXANDER MCQUEEN',NULL,NULL,NULL,NULL),(12,'UGG AUSTRALIA',NULL,NULL,NULL,NULL),(13,'GIVENCHY',NULL,NULL,NULL,NULL),(14,'APRIL 77',NULL,NULL,NULL,NULL),(15,'VALENTINO',NULL,NULL,NULL,NULL),(16,'ANN DEMEULEMEESTER',NULL,NULL,NULL,NULL),(17,'JUST CAVALLI',NULL,NULL,NULL,NULL),(18,'DIESEL',NULL,NULL,NULL,NULL),(19,'EACH X OTHER',NULL,NULL,NULL,NULL);
/*!40000 ALTER TABLE `brand` ENABLE KEYS */;
UNLOCK TABLES;

--
-- Table structure for table `brand_descr`
--

DROP TABLE IF EXISTS `brand_descr`;
/*!40101 SET @saved_cs_client     = @@character_set_client */;
/*!40101 SET character_set_client = utf8 */;
CREATE TABLE `brand_descr` (
  `idBrand` int(11) NOT NULL,
  `idLanguages` varchar(2) NOT NULL,
  `txDescrizione` varchar(1000) DEFAULT NULL,
  PRIMARY KEY (`idBrand`,`idLanguages`)
) ENGINE=InnoDB DEFAULT CHARSET=utf8;
/*!40101 SET character_set_client = @saved_cs_client */;

--
-- Dumping data for table `brand_descr`
--

LOCK TABLES `brand_descr` WRITE;
/*!40000 ALTER TABLE `brand_descr` DISABLE KEYS */;
/*!40000 ALTER TABLE `brand_descr` ENABLE KEYS */;
UNLOCK TABLES;

--
-- Table structure for table `campaigns`
--

DROP TABLE IF EXISTS `campaigns`;
/*!40101 SET @saved_cs_client     = @@character_set_client */;
/*!40101 SET character_set_client = utf8 */;
CREATE TABLE `campaigns` (
  `idCampaign` int(11) NOT NULL AUTO_INCREMENT,
  `txCampaign` varchar(45) DEFAULT NULL,
  `dtInizio` date DEFAULT NULL,
  `dtFine` date DEFAULT NULL,
  `pcSconto` int(11) DEFAULT NULL,
  PRIMARY KEY (`idCampaign`)
) ENGINE=InnoDB AUTO_INCREMENT=2 DEFAULT CHARSET=utf8;
/*!40101 SET character_set_client = @saved_cs_client */;

--
-- Dumping data for table `campaigns`
--

LOCK TABLES `campaigns` WRITE;
/*!40000 ALTER TABLE `campaigns` DISABLE KEYS */;
INSERT INTO `campaigns` VALUES (1,'SALDI A/I 2014','2014-09-18','2014-12-31',70);
/*!40000 ALTER TABLE `campaigns` ENABLE KEYS */;
UNLOCK TABLES;

--
-- Table structure for table `color`
--

DROP TABLE IF EXISTS `color`;
/*!40101 SET @saved_cs_client     = @@character_set_client */;
/*!40101 SET character_set_client = utf8 */;
CREATE TABLE `color` (
  `idColor` int(11) NOT NULL,
  `idLanguages` varchar(2) NOT NULL,
  `txColor` varchar(200) DEFAULT NULL,
  PRIMARY KEY (`idColor`,`idLanguages`)
) ENGINE=InnoDB DEFAULT CHARSET=utf8;
/*!40101 SET character_set_client = @saved_cs_client */;

--
-- Dumping data for table `color`
--

LOCK TABLES `color` WRITE;
/*!40000 ALTER TABLE `color` DISABLE KEYS */;
INSERT INTO `color` VALUES (1,'en','ORANGE'),(1,'it','ARANCIONE'),(2,'en','SILVER'),(2,'it','ARGENTO'),(3,'en','BEIGE'),(3,'it','BEIGE'),(4,'en','WHITE'),(4,'it','BIANCO'),(5,'en','BLUE'),(5,'it','BLU'),(6,'en','LIGHT BLUE'),(6,'it','CELESTE'),(7,'en','DENIM'),(7,'it','DENIM'),(8,'en','YELLOW'),(8,'it','GIALLO'),(9,'en','GREY'),(9,'it','GRIGIO'),(10,'en','BROWN'),(10,'it','MARRONE'),(11,'en','BLACK'),(11,'it','NERO'),(12,'en','GOLD'),(12,'it','ORO'),(13,'en','ROSE'),(13,'it','ROSA'),(14,'en','RED'),(14,'it','ROSSO'),(15,'en','GREEN'),(15,'it','VERDE'),(16,'en','PURPLE'),(16,'it','VIOLA'),(17,'en','LEOPARD'),(17,'it','LEOPARD');
/*!40000 ALTER TABLE `color` ENABLE KEYS */;
UNLOCK TABLES;

--
-- Table structure for table `configuration`
--

DROP TABLE IF EXISTS `configuration`;
/*!40101 SET @saved_cs_client     = @@character_set_client */;
/*!40101 SET character_set_client = utf8 */;
CREATE TABLE `configuration` (
  `idConfiguration` varchar(50) NOT NULL,
  `txConfiguration` varchar(100) DEFAULT NULL,
  `nrConfiguration` int(11) DEFAULT NULL,
  PRIMARY KEY (`idConfiguration`)
) ENGINE=InnoDB DEFAULT CHARSET=utf8;
/*!40101 SET character_set_client = @saved_cs_client */;

--
-- Dumping data for table `configuration`
--

LOCK TABLES `configuration` WRITE;
/*!40000 ALTER TABLE `configuration` DISABLE KEYS */;
INSERT INTO `configuration` VALUES ('1','Configurazione txBarcode - se 0 a livello di prodotto, se 1 a livello di articolo',1);
/*!40000 ALTER TABLE `configuration` ENABLE KEYS */;
UNLOCK TABLES;

--
-- Table structure for table `coupons`
--

DROP TABLE IF EXISTS `coupons`;
/*!40101 SET @saved_cs_client     = @@character_set_client */;
/*!40101 SET character_set_client = utf8 */;
CREATE TABLE `coupons` (
  `idCoupon` varchar(45) NOT NULL,
  `idUser` varchar(100) DEFAULT NULL,
  `pcSconto` smallint(6) DEFAULT NULL,
  `dtScadenza` date DEFAULT NULL,
  `qtUtilizzo` int(11) DEFAULT NULL,
  PRIMARY KEY (`idCoupon`),
  KEY `fk_Coupons_Customer1` (`idUser`),
  CONSTRAINT `fk_Coupons_Customer1` FOREIGN KEY (`idUser`) REFERENCES `customer` (`idUser`) ON DELETE NO ACTION ON UPDATE NO ACTION
) ENGINE=InnoDB DEFAULT CHARSET=utf8;
/*!40101 SET character_set_client = @saved_cs_client */;

--
-- Dumping data for table `coupons`
--

LOCK TABLES `coupons` WRITE;
/*!40000 ALTER TABLE `coupons` DISABLE KEYS */;
/*!40000 ALTER TABLE `coupons` ENABLE KEYS */;
UNLOCK TABLES;

--
-- Table structure for table `customer`
--

DROP TABLE IF EXISTS `customer`;
/*!40101 SET @saved_cs_client     = @@character_set_client */;
/*!40101 SET character_set_client = utf8 */;
CREATE TABLE `customer` (
  `idUser` varchar(100) NOT NULL,
  `txPassword` varchar(20) NOT NULL,
  `txNome` varchar(30) NOT NULL,
  `txCognome` varchar(30) NOT NULL,
  `txFiscale` varchar(100) DEFAULT NULL,
  `idTypeState` int(11) DEFAULT NULL,
  PRIMARY KEY (`idUser`),
  KEY `fk_Customer_Type_State_Account1` (`idTypeState`),
  CONSTRAINT `fk_Customer_Type_State_Account1` FOREIGN KEY (`idTypeState`) REFERENCES `type_state_account` (`idTypeState`) ON DELETE NO ACTION ON UPDATE NO ACTION
) ENGINE=InnoDB DEFAULT CHARSET=utf8;
/*!40101 SET character_set_client = @saved_cs_client */;

--
-- Dumping data for table `customer`
--

LOCK TABLES `customer` WRITE;
/*!40000 ALTER TABLE `customer` DISABLE KEYS */;
INSERT INTO `customer` VALUES ('jacopo.frediani@gmail.com','benito79','JACOPO','FREDIANI',NULL,2),('shop@magboutique.it','shop@mag','A','A','A',1),('simone.bagnolesi@gmail.com','didone1976','simone','bagnolesi',NULL,2);
/*!40000 ALTER TABLE `customer` ENABLE KEYS */;
UNLOCK TABLES;

--
-- Table structure for table `customer_roles`
--

DROP TABLE IF EXISTS `customer_roles`;
/*!40101 SET @saved_cs_client     = @@character_set_client */;
/*!40101 SET character_set_client = utf8 */;
CREATE TABLE `customer_roles` (
  `idUser` varchar(100) NOT NULL,
  `txRole` varchar(20) NOT NULL,
  PRIMARY KEY (`idUser`,`txRole`),
  KEY `fk_CustomerRoles_Customer1_idx` (`idUser`),
  CONSTRAINT `fk_CustomerRoles_Customer1` FOREIGN KEY (`idUser`) REFERENCES `customer` (`idUser`) ON DELETE NO ACTION ON UPDATE NO ACTION
) ENGINE=InnoDB DEFAULT CHARSET=utf8;
/*!40101 SET character_set_client = @saved_cs_client */;

--
-- Dumping data for table `customer_roles`
--

LOCK TABLES `customer_roles` WRITE;
/*!40000 ALTER TABLE `customer_roles` DISABLE KEYS */;
INSERT INTO `customer_roles` VALUES ('jacopo.frediani@gmail.com','CUSTOMER'),('shop@magboutique.it','AMMINISTRATORE'),('simone.bagnolesi@gmail.com','CUSTOMER');
/*!40000 ALTER TABLE `customer_roles` ENABLE KEYS */;
UNLOCK TABLES;

--
-- Table structure for table `delivery_cost`
--

DROP TABLE IF EXISTS `delivery_cost`;
/*!40101 SET @saved_cs_client     = @@character_set_client */;
/*!40101 SET character_set_client = utf8 */;
CREATE TABLE `delivery_cost` (
  `idDeliveryCost` int(11) NOT NULL AUTO_INCREMENT,
  `txDescrizione` varchar(45) DEFAULT NULL,
  `imSpese` decimal(15,2) DEFAULT NULL,
  `fgDeleted` tinyint(4) DEFAULT NULL,
  `txDescrizioneExt` varchar(250) DEFAULT NULL,
  `txLinkTracking` varchar(100) DEFAULT NULL,
  PRIMARY KEY (`idDeliveryCost`),
  UNIQUE KEY `idDeliveryCost_UNIQUE` (`idDeliveryCost`)
) ENGINE=InnoDB AUTO_INCREMENT=30 DEFAULT CHARSET=utf8;
/*!40101 SET character_set_client = @saved_cs_client */;

--
-- Dumping data for table `delivery_cost`
--

LOCK TABLES `delivery_cost` WRITE;
/*!40000 ALTER TABLE `delivery_cost` DISABLE KEYS */;
INSERT INTO `delivery_cost` VALUES (1,'SPEDIZIONE GRATUITA',0.00,0,'GLS Parcel camionistico',NULL),(2,'GLS Zefiro via aerea',9.74,0,'GLS Zefiro via aerea',NULL),(3,'GLS Zefiro via aerea',20.04,0,'GLS Zefiro via aerea',NULL),(4,'GLS Zefiro via aerea',17.19,0,'GLS Zefiro via aerea',NULL),(5,'GLS Zefiro via aerea',17.43,0,'GLS Zefiro via aerea',NULL),(6,'GLS Zefiro via aerea',19.56,0,'GLS Zefiro via aerea',NULL),(7,'GLS Zefiro via aerea',34.15,0,'GLS Zefiro via aerea',NULL),(8,'GLS Zefiro via aerea',48.94,0,'GLS Zefiro via aerea',NULL),(9,'GLS Zefiro via aerea',49.46,0,'GLS Zefiro via aerea',NULL),(10,'GLS Parcel camionistico',13.80,0,'GLS Parcel camionistico',NULL),(11,'GLS Parcel camionistico',14.05,0,'GLS Parcel camionistico',NULL),(12,'GLS Parcel camionistico',15.70,0,'GLS Parcel camionistico',NULL),(13,'GLS Parcel camionistico',16.76,0,'GLS Parcel camionistico',NULL),(14,'GLS Parcel camionistico',17.25,0,'GLS Parcel camionistico',NULL),(15,'GLS Parcel camionistico',18.97,0,'GLS Parcel camionistico',NULL),(16,'GLS Parcel camionistico',19.35,0,'GLS Parcel camionistico',NULL),(17,'GLS Parcel camionistico',20.45,0,'GLS Parcel camionistico',NULL),(18,'GLS Parcel camionistico',21.48,0,'GLS Parcel camionistico',NULL),(19,'GLS Parcel camionistico',23.66,0,'GLS Parcel camionistico',NULL),(20,'GLS Parcel camionistico',25.88,0,'GLS Parcel camionistico',NULL),(21,'GLS Parcel camionistico',27.46,0,'GLS Parcel camionistico',NULL),(22,'GLS Parcel camionistico',28.34,0,'GLS Parcel camionistico',NULL),(23,'GLS Parcel camionistico',28.59,0,'GLS Parcel camionistico',NULL),(24,'GLS Parcel camionistico',30.68,0,'GLS Parcel camionistico',NULL),(25,'GLS Parcel camionistico',31.45,0,'GLS Parcel camionistico',NULL),(26,'GLS Parcel camionistico',36.73,0,'GLS Parcel camionistico',NULL),(27,'GLS Parcel camionistico',40.91,0,'GLS Parcel camionistico',NULL),(28,'GLS Parcel camionistico',41.35,0,'GLS Parcel camionistico',NULL),(29,'GLS Parcel camionistico',45.30,0,'GLS Parcel camionistico',NULL);
/*!40000 ALTER TABLE `delivery_cost` ENABLE KEYS */;
UNLOCK TABLES;

--
-- Table structure for table `delivery_nazioni`
--

DROP TABLE IF EXISTS `delivery_nazioni`;
/*!40101 SET @saved_cs_client     = @@character_set_client */;
/*!40101 SET character_set_client = utf8 */;
CREATE TABLE `delivery_nazioni` (
  `idDeliveryCost` int(11) NOT NULL,
  `idNazione` varchar(100) NOT NULL,
  `idAddress` varchar(100) DEFAULT NULL,
  PRIMARY KEY (`idDeliveryCost`,`idNazione`),
  KEY `fk_delivery_nazioni_delivery_cost1` (`idDeliveryCost`),
  KEY `fk_delivery_nazioni_nazioni1` (`idNazione`),
  CONSTRAINT `fk_delivery_nazioni_delivery_cost1` FOREIGN KEY (`idDeliveryCost`) REFERENCES `delivery_cost` (`idDeliveryCost`) ON DELETE NO ACTION ON UPDATE NO ACTION,
  CONSTRAINT `fk_delivery_nazioni_nazioni1` FOREIGN KEY (`idNazione`) REFERENCES `nazioni` (`idNazione`) ON DELETE NO ACTION ON UPDATE NO ACTION
) ENGINE=InnoDB DEFAULT CHARSET=utf8;
/*!40101 SET character_set_client = @saved_cs_client */;

--
-- Dumping data for table `delivery_nazioni`
--

LOCK TABLES `delivery_nazioni` WRITE;
/*!40000 ALTER TABLE `delivery_nazioni` DISABLE KEYS */;
INSERT INTO `delivery_nazioni` VALUES (1,'ITALIA',NULL),(2,'Austria',NULL),(2,'Belgium',NULL),(2,'Denmark',NULL),(2,'Finland',NULL),(2,'France',NULL),(2,'Germany',NULL),(2,'Greece',NULL),(2,'Ireland',NULL),(2,'Luxembourg',NULL),(2,'Monaco',NULL),(2,'Netherlands',NULL),(2,'Portugal',NULL),(2,'Spain',NULL),(2,'Sweden',NULL),(2,'United Kingdom',NULL),(3,'Bulgaria',NULL),(3,'Croatia',NULL),(3,'Cyprus',NULL),(3,'Czech Republic',NULL),(3,'Estonia',NULL),(3,'Hungary',NULL),(3,'Latvia',NULL),(3,'Lithuania',NULL),(3,'Malta',NULL),(3,'Poland',NULL),(3,'Romania',NULL),(3,'Slovakia',NULL),(3,'Slovenia',NULL),(4,'Andorra',NULL),(4,'Gibraltar',NULL),(4,'Switzerland',NULL),(5,'Canary Islands',NULL),(5,'Faroe Islands',NULL),(5,'Guernsey',NULL),(5,'Iceland',NULL),(5,'Jersey',NULL),(5,'Norway',NULL),(6,'Canada',NULL),(6,'United States',NULL),(7,'American Samoa',NULL),(7,'Anguilla',NULL),(7,'Antigua and Barbuda',NULL),(7,'Argentina',NULL),(7,'Aruba',NULL),(7,'Australia',NULL),(7,'Bahamas',NULL),(7,'Bahrain',NULL),(7,'Bangladesh',NULL),(7,'Barbados',NULL),(7,'Belize',NULL),(7,'Bermuda',NULL),(7,'Bolivia',NULL),(7,'Bonaire',NULL),(7,'Brazil',NULL),(7,'Brunei Darussalam',NULL),(7,'Cameroon',NULL),(7,'Cayman Islands',NULL),(7,'Chile',NULL),(7,'Colombia',NULL),(7,'Costa Rica',NULL),(7,'Curacao',NULL),(7,'Dominica',NULL),(7,'Dominican Republic',NULL),(7,'Ecuador',NULL),(7,'Egypt',NULL),(7,'El Salvador',NULL),(7,'Equatorial Guinea',NULL),(7,'Fiji',NULL),(7,'French Guiana',NULL),(7,'Greenland',NULL),(7,'Grenada',NULL),(7,'Guadeloupe',NULL),(7,'Guam',NULL),(7,'Guatemala',NULL),(7,'Guyana',NULL),(7,'Haiti',NULL),(7,'Honduras',NULL),(7,'Hong Kong',NULL),(7,'India',NULL),(7,'Indonesia',NULL),(7,'Ivory Coast',NULL),(7,'Jamaica',NULL),(7,'Japan',NULL),(7,'Kenya',NULL),(7,'Kuwait',NULL),(7,'Macao',NULL),(7,'Malaysia',NULL),(7,'Maldives',NULL),(7,'Martinique',NULL),(7,'Mexico',NULL),(7,'Micronesia',NULL),(7,'Montserrat',NULL),(7,'Nevis',NULL),(7,'New Caledonia',NULL),(7,'New Zealand',NULL),(7,'Nigeria',NULL),(7,'Oman',NULL),(7,'Pakistan',NULL),(7,'Palau',NULL),(7,'Panama',NULL),(7,'Paraguay',NULL),(7,'Peru',NULL),(7,'Philippines',NULL),(7,'Puerto Rico',NULL),(7,'Qatar',NULL),(7,'Saint Barthelemy',NULL),(7,'Saint Eustatius',NULL),(7,'Saint Kitts and Nevis',NULL),(7,'Saint Lucia',NULL),(7,'Saint Maarten',NULL),(7,'Saint Vincent e Grenadine',NULL),(7,'Samoa',NULL),(7,'Saudi Arabia',NULL),(7,'Senegal',NULL),(7,'Singapore',NULL),(7,'South Africa',NULL),(7,'South Korea',NULL),(7,'Sri Lanka',NULL),(7,'Suriname',NULL),(7,'Tahiti',NULL),(7,'Taiwan',NULL),(7,'Thailand',NULL),(7,'Trinidad and Tobago',NULL),(7,'Turkey',NULL),(7,'United Arab Emirates',NULL),(7,'Uruguay',NULL),(7,'Venezuela',NULL),(7,'Virgin Islands',NULL),(8,'Algeria',NULL),(8,'Benin',NULL),(8,'Bhutan',NULL),(8,'Botswana',NULL),(8,'Burkina Faso',NULL),(8,'Burundi',NULL),(8,'Cambodia',NULL),(8,'Cape Verde',NULL),(8,'Center Africa',NULL),(8,'Chad',NULL),(8,'China',NULL),(8,'Comoros',NULL),(8,'Congo',NULL),(8,'Cook Islands',NULL),(8,'Djibouti',NULL),(8,'East Timor',NULL),(8,'Eritrea',NULL),(8,'Ethiopia',NULL),(8,'Gabon',NULL),(8,'Gambia',NULL),(8,'Ghana',NULL),(8,'Guinea',NULL),(8,'Guinea-Bissau',NULL),(8,'Iraq',NULL),(8,'Israel',NULL),(8,'Jordan',NULL),(8,'Lao',NULL),(8,'Lebanon',NULL),(8,'Lesotho',NULL),(8,'Liberia',NULL),(8,'Libya',NULL),(8,'Madagascar',NULL),(8,'Malawi',NULL),(8,'Mali',NULL),(8,'Marshall Islands',NULL),(8,'Mauritania',NULL),(8,'Mauritius',NULL),(8,'Mayotte',NULL),(8,'Morocco',NULL),(8,'Namibia',NULL),(8,'Nauru',NULL),(8,'Nepal',NULL),(8,'Nicaragua',NULL),(8,'Niger',NULL),(8,'Papua New Guinea',NULL),(8,'Reunion Island',NULL),(8,'Rwanda',NULL),(8,'Saipan',NULL),(8,'Seychelles',NULL),(8,'Sierra Leone',NULL),(8,'Somalia',NULL),(8,'Swaziland',NULL),(8,'Syria',NULL),(8,'Tanzania',NULL),(8,'Togo',NULL),(8,'Tonga',NULL),(8,'Tunisia',NULL),(8,'Turks and Caicos Islands',NULL),(8,'Tuvalu',NULL),(8,'Uganda',NULL),(8,'Vanuatu',NULL),(8,'Vietnam',NULL),(8,'Yemen',NULL),(8,'Zambia',NULL),(8,'Zimbabwe',NULL),(9,'Afghanistan',NULL),(9,'Albania',NULL),(9,'Angola',NULL),(9,'Armenia',NULL),(9,'Azerbaijan',NULL),(9,'Belarus',NULL),(9,'Bosnia and Herzegovina',NULL),(9,'Cuba',NULL),(9,'Falkland Islands',NULL),(9,'Georgia',NULL),(9,'Iran',NULL),(9,'Kazakhstan',NULL),(9,'Kiribati',NULL),(9,'Kosovo',NULL),(9,'Kyrgyzstan',NULL),(9,'Macedonia',NULL),(9,'Moldova',NULL),(9,'Mongolia',NULL),(9,'Montenegro',NULL),(9,'Mozambique',NULL),(9,'Myanmar, Burma',NULL),(9,'Niue',NULL),(9,'North Korea',NULL),(9,'Russian Federation',NULL),(9,'Serbia',NULL),(9,'Solomon Islands',NULL),(9,'South Sudan',NULL),(9,'Sudan',NULL),(9,'Tajikistan',NULL),(9,'Ukraine',NULL),(9,'Uzbekistan',NULL),(10,'Austria',NULL),(11,'Belgium',NULL),(12,'France',NULL),(12,'Germany',NULL),(12,'Luxembourg',NULL),(12,'Netherlands',NULL),(13,'Liechtenstein',NULL),(14,'Switzerland',NULL),(15,'Denmark',NULL),(15,'Slovenia',NULL),(16,'England',NULL),(16,'Galles',NULL),(16,'Scotland',NULL),(17,'Hungary',NULL),(18,'Croatia',NULL),(18,'Serbia',NULL),(19,'Poland',NULL),(20,'Czech Republic',NULL),(20,'Spain',NULL),(21,'Sweden',NULL),(22,'Slovakia',NULL),(23,'Bulgaria',NULL),(23,'Estonia',NULL),(23,'Latvia',NULL),(23,'Lithuania',NULL),(23,'Norway',NULL),(23,'Portugal',NULL),(23,'Romania',NULL),(24,'Ireland',NULL),(25,'Finland',NULL),(26,'Turkey',NULL),(27,'Greece',NULL),(28,'Nord Ireland',NULL),(29,'Cyprus',NULL),(29,'Malta',NULL);
/*!40000 ALTER TABLE `delivery_nazioni` ENABLE KEYS */;
UNLOCK TABLES;

--
-- Table structure for table `fidelity_customer`
--

DROP TABLE IF EXISTS `fidelity_customer`;
/*!40101 SET @saved_cs_client     = @@character_set_client */;
/*!40101 SET character_set_client = utf8 */;
CREATE TABLE `fidelity_customer` (
  `idUser` varchar(100) NOT NULL,
  `idFidelity` varchar(45) NOT NULL,
  PRIMARY KEY (`idUser`,`idFidelity`),
  KEY `fk_fidelity_customer_FidelityCards1_idx` (`idFidelity`),
  CONSTRAINT `fk_fidelity_customer_FidelityCards1` FOREIGN KEY (`idFidelity`) REFERENCES `fidelitycards` (`idFidelity`) ON DELETE NO ACTION ON UPDATE NO ACTION,
  CONSTRAINT `fk_fidelity_customer_customer1` FOREIGN KEY (`idUser`) REFERENCES `customer` (`idUser`) ON DELETE NO ACTION ON UPDATE NO ACTION
) ENGINE=InnoDB DEFAULT CHARSET=utf8;
/*!40101 SET character_set_client = @saved_cs_client */;

--
-- Dumping data for table `fidelity_customer`
--

LOCK TABLES `fidelity_customer` WRITE;
/*!40000 ALTER TABLE `fidelity_customer` DISABLE KEYS */;
/*!40000 ALTER TABLE `fidelity_customer` ENABLE KEYS */;
UNLOCK TABLES;

--
-- Table structure for table `fidelitycards`
--

DROP TABLE IF EXISTS `fidelitycards`;
/*!40101 SET @saved_cs_client     = @@character_set_client */;
/*!40101 SET character_set_client = utf8 */;
CREATE TABLE `fidelitycards` (
  `idFidelity` varchar(45) NOT NULL,
  `txNome` varchar(45) DEFAULT NULL,
  `txCognome` varchar(45) DEFAULT NULL,
  `dtRilascio` timestamp NOT NULL DEFAULT CURRENT_TIMESTAMP,
  `txEmail` varchar(45) DEFAULT NULL,
  `txTel` varchar(45) DEFAULT NULL,
  `pcSconto` int(11) NOT NULL,
  PRIMARY KEY (`idFidelity`)
) ENGINE=InnoDB DEFAULT CHARSET=utf8;
/*!40101 SET character_set_client = @saved_cs_client */;

--
-- Dumping data for table `fidelitycards`
--

LOCK TABLES `fidelitycards` WRITE;
/*!40000 ALTER TABLE `fidelitycards` DISABLE KEYS */;
/*!40000 ALTER TABLE `fidelitycards` ENABLE KEYS */;
UNLOCK TABLES;

--
-- Table structure for table `gender`
--

DROP TABLE IF EXISTS `gender`;
/*!40101 SET @saved_cs_client     = @@character_set_client */;
/*!40101 SET character_set_client = utf8 */;
CREATE TABLE `gender` (
  `idGender` int(11) NOT NULL,
  `idLanguages` varchar(2) NOT NULL,
  `txGender` varchar(200) DEFAULT NULL,
  PRIMARY KEY (`idGender`,`idLanguages`)
) ENGINE=InnoDB DEFAULT CHARSET=utf8;
/*!40101 SET character_set_client = @saved_cs_client */;

--
-- Dumping data for table `gender`
--

LOCK TABLES `gender` WRITE;
/*!40000 ALTER TABLE `gender` DISABLE KEYS */;
INSERT INTO `gender` VALUES (1,'en','Man'),(1,'it','Uomo'),(2,'en','Woman'),(2,'it','Donna'),(3,'en','Boy'),(3,'it','Bambino'),(4,'en','Girl'),(4,'it','Bambina'),(5,'en','Unisex'),(5,'it','Unisex');
/*!40000 ALTER TABLE `gender` ENABLE KEYS */;
UNLOCK TABLES;

--
-- Table structure for table `group_images`
--

DROP TABLE IF EXISTS `group_images`;
/*!40101 SET @saved_cs_client     = @@character_set_client */;
/*!40101 SET character_set_client = utf8 */;
CREATE TABLE `group_images` (
  `txGroupImages` varchar(45) NOT NULL,
  `txLibrary` varchar(45) DEFAULT NULL,
  `nrImages` int(11) DEFAULT NULL,
  `maxHeight` int(11) DEFAULT NULL,
  `maxWidth` int(11) DEFAULT NULL,
  `fgGender` tinyint(4) DEFAULT NULL,
  PRIMARY KEY (`txGroupImages`)
) ENGINE=InnoDB DEFAULT CHARSET=utf8;
/*!40101 SET character_set_client = @saved_cs_client */;

--
-- Dumping data for table `group_images`
--

LOCK TABLES `group_images` WRITE;
/*!40000 ALTER TABLE `group_images` DISABLE KEYS */;
INSERT INTO `group_images` VALUES ('carousel','images/home',20,761,1140,0),('new','images/home',1,130,260,0),('newArrivals','images/home',6,580,580,1),('promo','images/home',1,130,260,0),('tabNav','images/home',6,130,260,1);
/*!40000 ALTER TABLE `group_images` ENABLE KEYS */;
UNLOCK TABLES;

--
-- Table structure for table `infaggiuntive`
--

DROP TABLE IF EXISTS `infaggiuntive`;
/*!40101 SET @saved_cs_client     = @@character_set_client */;
/*!40101 SET character_set_client = utf8 */;
CREATE TABLE `infaggiuntive` (
  `idInformazione` int(11) NOT NULL,
  `idLanguages` varchar(2) NOT NULL,
  `txInformazione` varchar(45) DEFAULT NULL,
  PRIMARY KEY (`idInformazione`,`idLanguages`)
) ENGINE=InnoDB DEFAULT CHARSET=utf8;
/*!40101 SET character_set_client = @saved_cs_client */;

--
-- Dumping data for table `infaggiuntive`
--

LOCK TABLES `infaggiuntive` WRITE;
/*!40000 ALTER TABLE `infaggiuntive` DISABLE KEYS */;
/*!40000 ALTER TABLE `infaggiuntive` ENABLE KEYS */;
UNLOCK TABLES;

--
-- Table structure for table `ipnmessages`
--

DROP TABLE IF EXISTS `ipnmessages`;
/*!40101 SET @saved_cs_client     = @@character_set_client */;
/*!40101 SET character_set_client = utf8 */;
CREATE TABLE `ipnmessages` (
  `idOrder` int(11) DEFAULT NULL,
  `idTransaction` varchar(50) NOT NULL,
  `tsInserimento` timestamp NOT NULL DEFAULT CURRENT_TIMESTAMP,
  `txMessage` varchar(10000) DEFAULT NULL,
  `txStato` varchar(45) NOT NULL DEFAULT '',
  `txNote` varchar(100) DEFAULT NULL,
  `fgElaborato` tinyint(1) DEFAULT NULL,
  `idRefund` int(11) DEFAULT NULL,
  PRIMARY KEY (`idTransaction`,`txStato`)
) ENGINE=InnoDB DEFAULT CHARSET=utf8;
/*!40101 SET character_set_client = @saved_cs_client */;

--
-- Dumping data for table `ipnmessages`
--

LOCK TABLES `ipnmessages` WRITE;
/*!40000 ALTER TABLE `ipnmessages` DISABLE KEYS */;
INSERT INTO `ipnmessages` VALUES (5,'4WD612019W906053C','2015-01-20 10:36:32','PAYMENTINFO_0_REASONCODE=None;PAYMENTINFO_0_TAXAMT=0.00;PAYMENTINFO_0_SECUREMERCHANTACCOUNTID=YZZM9YT9773JW;PAYMENTINFO_0_FEEAMT=0.49;PAYMENTINFO_0_TRANSACTIONTYPE=cart;CORRELATIONID=ea7deff0428fb;SUCCESSPAGEREDIRECTREQUESTED=false;PAYMENTINFO_0_CURRENCYCODE=EUR;PAYMENTINFO_0_TRANSACTIONID=4WD612019W906053C;VERSION=112.0;PAYMENTINFO_0_PAYMENTTYPE=instant;PAYMENTINFO_0_PENDINGREASON=None;ACK=Success;TOKEN=EC-5NY78471SU856421L;PAYMENTINFO_0_ERRORCODE=0;BUILD=14839371;PAYMENTINFO_0_ORDERTIME=2015-01-20T10:36:32Z;PAYMENTINFO_0_PROTECTIONELIGIBILITY=Ineligible;INSURANCEOPTIONSELECTED=false;PAYMENTINFO_0_PAYMENTSTATUS=Completed;PAYMENTINFO_0_AMT=4.00;PAYMENTINFO_0_ACK=Success;PAYMENTINFO_0_PROTECTIONELIGIBILITYTYPE=None;SHIPPINGOPTIONISDEFAULT=false;TIMESTAMP=2015-01-20T10:36:32Z;','Completed',NULL,0,NULL);
/*!40000 ALTER TABLE `ipnmessages` ENABLE KEYS */;
UNLOCK TABLES;

--
-- Table structure for table `mail`
--

DROP TABLE IF EXISTS `mail`;
/*!40101 SET @saved_cs_client     = @@character_set_client */;
/*!40101 SET character_set_client = utf8 */;
CREATE TABLE `mail` (
  `idMail` int(11) NOT NULL AUTO_INCREMENT,
  `idMailGroup` int(11) DEFAULT NULL,
  `txUser` varchar(100) DEFAULT NULL,
  `txNome` varchar(200) DEFAULT NULL,
  PRIMARY KEY (`idMail`)
) ENGINE=InnoDB AUTO_INCREMENT=6544 DEFAULT CHARSET=utf8;
/*!40101 SET character_set_client = @saved_cs_client */;

--
-- Dumping data for table `mail`
--

LOCK TABLES `mail` WRITE;
/*!40000 ALTER TABLE `mail` DISABLE KEYS */;
INSERT INTO `mail` VALUES (1,1,'jacopo.frediani@gmail.com',NULL),(8,3,'annamariad@tin.it','DEL PRETE ANNAMARIA'),(9,3,'lallabiss@gmail.com','MURANA LAURA'),(10,3,'annalisa_vuono@yahoo.it','VUONO ANNALISA'),(11,3,'sguimo@libero.it','BIANCIARDI SIMONA'),(12,3,'fran.borghi@gmail.com','BORGHI FRANCESCA'),(13,3,'petrelena@libero.it','PETRICCI ELENA'),(14,3,'gerifra@tiscali.it','GERI FRANCESCA'),(15,3,'jurillo@alice.it','BOCHICCHIO JURI'),(16,3,'cucca.86@hotmail.it','ANTONELLI LUCA'),(17,3,'gino.montemurro@gmail.com','MONTEMURRO GINO'),(18,3,'rosanna.esposito91@gmail.com','ESPOSITO ROSANNA'),(19,3,'madlen.f@virgilio.it','FINESSI MADDALENA'),(20,3,'cucciola.claudina92@hotmail.it','BONARI CLAUDIA'),(21,3,'liliana.spano@gmail.com','SPANO LILIANA'),(22,3,'amalya_popa09@yahoo.it','POPA AMALIA MARIA'),(23,3,'lucrezia@ilagunariluce.it','FOSCARINI LUCREZIA'),(24,3,'carla.bertani@libero.it','BERTANI CARLA'),(25,3,'technology@gruppoinveco.it','GIRELLI ANDREA'),(26,3,'tuttofibra@libero.it','CORSI EMANUELA'),(27,3,'pierellasperanza@libero.it','SPERANZA MARIA PIA'),(28,3,'letizia.guerri@banca.mps.it','GUERRI LETIZIA'),(29,3,'martinaminacci@virgilio.it','MINACCI MARTINA'),(30,3,'mariadeblas@virgilio.it','BOLGI MARIA TERESA'),(31,3,'eleonora.mele@libero.it','MELE ELEONORA'),(32,3,'anty.dec@libero.it','DE CAROLIS ANTONIETTA'),(33,3,'pinacolacicco@yahoo.it','COLACICCO PINA'),(34,3,'decarolisilvia@yahoo.it','DE CAROLIS SILVIA'),(35,3,'annadg08@yahoo.com','DI GIULIANO ANNA'),(36,3,'maureenfloresv@gmail.com','FLORES MAUREEN'),(37,3,'elipagni66@libero.it','PAGNI ELISABETTA'),(38,3,'chiarettapacifico@gmail.com','PACIFICO CHIARA'),(39,3,'fzinanni@alice.it','ZINANNI FILIPPO'),(40,3,'lalla.lella@hotmail.it','SALVINI MARCO'),(41,3,'mondoverdesiena@libero.it','GHEZZI MARIAROSA'),(42,3,'3388183465@tim.it','CAMPI TIZIANA'),(43,3,'annaritaferranti@hotmail.com','FERRANTI ANNARITA'),(44,3,'costanza.gambelli@gmail.com','GAMBELLI COSTANZA'),(45,3,'mauro.spezia@tin.it','TOSELLI BARBARA'),(46,3,'albanosimona@gmail.com','ALBANO SIMONA'),(47,3,'adelevai@yahoo.it','VAGLIO ADELE'),(48,3,'tchatother@yahoo.fr','NGORO SERGE'),(49,3,'jacopomicheletti@interfree.it','MICHELETTI JACOPO'),(50,3,'lejdiboss@hotmail.it','RUSTANI LEJDI'),(51,3,'gabriele82@yahoo.it','FUSO GABRIELE'),(52,3,'alessandra.berti@hotmail.it','BERTI ALESSANDRA'),(53,3,'b_lopraino@libero.it','LOPRAINO BRUNA'),(54,3,'lauratulip@libero.it','TULIPANO LAURA'),(55,3,'ale709@hotmail.it','PATELLARO ANDREA'),(56,3,'t3a@hotmail.it','GUERRI TEA'),(57,3,'caterinasette@yahoo.it','SALVETTI CATERINA'),(58,3,'licaridavid@hotmail.com','LICARI DAVID'),(59,3,'evalder3@inwind.it','CECCARINI EVALDO'),(60,3,'raffaeleconca@hotmail.it','CONCA RAFFAELE'),(61,3,'vgalli@teletu.it','GALLI VANNA'),(62,3,'ba68@hotmail.it','PIPERNO BARBARA'),(63,3,'mabravi@ymail.com','BRAVI MARTA'),(64,3,'giorgiadipaola@hotmail.com','DI PAOLA GIORGIA'),(65,3,'paternoster.piero@alice.it','PATERNOSTER PIERO'),(66,3,'agabar@alice.it','SESTINI ALESSANDRA'),(67,3,'camisaska@gmail.com','CAMISA FRANCESCO'),(68,3,'calise.piro@hotmail.it','CALISEPIRO PAOLA'),(69,3,'sandradelsanto@gmail.com','DEL SANTO SANDRA'),(70,3,'manila@farida.it','DALBELLO MANILA'),(71,3,'mguerri1985@hotmail.it','GUERRI MARCO'),(72,3,'marco.delorenzi@yahoo.it','DE LORENZI MARCO'),(73,3,'duniaruffini@libero.it','RUFFINI DUNIA'),(74,3,'buonasera86@msn.com','CASTRIA DOMENICO'),(75,3,'mariatrap@virgilio.it','TRAPANESE MARIA'),(76,3,'pappalardomartina@libero.it','PAPPALARDO MARTINA'),(77,3,'ilariacosentino1990@hotmail.it','COSENTINO ILARIA'),(78,3,'chiara.santucci@banca.mps.it','SANTUCCI CHIARA'),(79,3,'claudiamet@libero.it','METZLER CLAUDIA PATRIZIA'),(80,3,'patrica@yahoo.it','VICARI PATRIZIA'),(81,3,'granchim@libero.it','GRANCHI MONICA'),(82,3,'eleonorapacchierotti@gmail.com','PACCHIEROTTI ELEONORA'),(83,3,'carmelatoscano@hotmail.it','TOSCANO CARMELA'),(84,3,'lucia.becatti@libero.it','BECATTI LUCIA'),(85,3,'moniamachetti@alice.it','MACHETTI MONIA'),(86,3,'white_flower_89@hotmail.it','CUCINELLA DORA MARIAGRAZIA'),(87,3,'dania.baroni@gmail.com','BARONI DANIA'),(88,3,'daniele.peccianti@libero.it','PECCIANTI DANIELE'),(89,3,'roserc@libero.it','ERCOLI ROSALBA'),(90,3,'paolapeloso@libero.it','PELOSO PAOLA'),(91,3,'giuliana.peloso@alice.it','PELOSO GIULIANA'),(92,3,'mtnobe@gmail.com','NOBERASCO MARIA TERESA'),(93,3,'tiziana.doldo@unisi.it','DOLDO TIZIANA'),(94,3,'conticelliabc@libero.it','CONTICELLI ANDREA'),(95,3,'silviagattola@libero.it','GATTOLA SILVIA'),(96,3,'simo.marsini@gmail.com','MARSINI SIMONETTA'),(97,3,'angelarossetti3@gmail.com','ROSSETTI ANGELA'),(98,3,'mariaelenaquadarti@yahoo.it','QUADARTI MARIA ELENA'),(99,3,'silvia.pelagalli@libero.it','PELAGALLI SILVIA'),(100,3,'lombardi.rosanna@libero.it','LOMBARDI ROSANNA'),(101,3,'loregando@gmail.com','GANDOLFI LORENZO'),(102,3,'tatiana.imperio@gmail.com','IMPERIO TATIANA'),(103,3,'marina03@hotmail.it','DI CAPO EVA'),(104,3,'fasestini@hotmail.it','SESTINI FAUSTA'),(105,3,'sandrofornaciari@hotmail.it','FORNACIARI ALESSANDRO'),(106,3,'giulia.mascagni85@gmail.com','MASCAGNI GIULIA'),(107,3,'giannialpini@chiantibanca.it','ALPINI GIANNI'),(108,3,'ritamascagni@libero.it','MASCAGNI RITA'),(109,3,'cortigiani@provincia.siena.it','CORTIGIANI STEFANIA'),(110,3,'francescafrosinini@yahoo.it','FROSININI FRANCESCA'),(111,3,'miaocinzi@yahoo.it','PASSIU CINZIA'),(112,3,'gabriellalazzari@yahoo.it','BICHI SAMUELE'),(113,3,'cy.nastro@topmail.co.uk','NASTRO CINZIA'),(114,3,'claudia.cannoni@tin.it','CANNONI CLAUDIA'),(115,3,'millipulito@hotmail.it','PULITO MILENA'),(116,3,'fioreraco@libero.it','RACO FIORENTINO'),(117,3,'mariateresafasanaro@yahoo.it','FASANARO MARIA TERESA'),(118,3,'calmanti123@gmail.com','CALMANTI GIACOMO'),(119,3,'vittoriaval@alice.it','VALLETTA VITTORIA'),(120,3,'r.cristian296@virgilio.it','RAVAGNI CRISTIAN'),(121,3,'mariablasi@tiscali.it','BLASI MARIA'),(122,3,'studiolegale.raho@tiscali.it','RAHO ANTONELLA'),(123,3,'p.gallo2010@gmail.com','GALLERINI PAOLO'),(124,3,'o.svet.delta@alice.it','SVET OLGA'),(125,3,'susannavaleriani@virgilio.it','VALERIANI SUSANNA'),(126,3,'rina15@list.ru','TOLMACHOVA IRYNA'),(127,3,'fredz_3@msn.com','PARRELLA FEDERICO'),(128,3,'secchitarugi@alice.it','SECCHITARUGI LUCIA'),(129,3,'alessiamarino93@gmail.com','MARINO ALESSIA FRANCESCA'),(130,3,'m.cristinapagnanelli@libero.it','PAGNANELLI MARIA CRISTINA'),(131,3,'annita.oggero70@gmail.com','OGGERO ANNITA'),(132,3,'giacomobraccagni@live.it','BRACCAGNI GIACOMO'),(133,3,'peppinomalandrino@libero.it','MAIONE GIUSEPPE'),(134,3,'a.meniconi@libero.it','MENICONI ANDREA'),(135,3,'franci.pellegrini79@gmail.com','PELLEGRINI FRANCESCA'),(136,3,'chiaraleonini@gmail.com','LEONINI CHIARA'),(137,3,'ginevrag@virgilio.it','GHELARDI GINEVRA'),(138,3,'ross69.ra@gmail.com','ANNUNZIATA SARDONE ROSANGELA'),(139,3,'papipatti@libero.it','PAPI PATRIZIA'),(140,3,'fuffa52@yahoo.it','MATTEUCCI FULVIA'),(141,3,'anna.guida@email.it','GUIDA ANNA'),(142,3,'enza.pipitone@libero.it','PIPITONE ENZA'),(143,3,'magicabula.siena@libero.it','BERRETTINI CATERINA'),(144,3,'irene.ghini@banca.mps.it','GHINI IRENE'),(145,3,'siedoys@virgilio.it','SPATARU DOINA'),(146,3,'antonellapicchianti@libero.it','PICCHIANTI ANTONELLA'),(147,3,'silvia@condominisiena.it','FILIPPONE SILVIA'),(148,3,'cristinacerpi@alice.it','CERPI CRISTINA'),(149,3,'rossanalofaso@libero.it','LO FASO ROSSANA'),(150,3,'valentinacappuzzo@yahoo.it','CAPPUZZO VALENTINA'),(151,3,'f.tarantino@live.it','TARANTINO FRANCESCA'),(152,3,'raffaellaromeo2@virgilio.it','ROMEO MARIA RAFFAELLA'),(153,3,'roznovatmihaela@hotmail.it','ROZNOVAT MIHAELA ANGELICA'),(154,3,'serena.direnzo@comune.siena.it','DI RENZO SERENA'),(155,3,'daniosti70@libero.it','SEMPLICI SAMANTA'),(156,3,'defrancesco.daniela@libero.it','DE FRANCESCO DANIELA'),(157,3,'neri.costanza@gmail.com','NERI COSTANZA'),(158,3,'77.alessandramilano@gmail.com','MILANO ALESSANDRA'),(159,3,'veronicabonifazi@gmail.com','BONIFAZI VERONICA'),(160,3,'isemplici74@gmail.com','SEMPLICI ILARIA'),(161,3,'s.simo40@hotmail.it','QUERCI SIMONA'),(162,3,'mic.lb@aruba.it','POMPEI GIOVANNA ARIANNA'),(163,3,'lucysegura75@hotmail.it','SEGURA LUZ'),(164,3,'zen10@tiscali.it','FUCCI FRANCO'),(165,3,'loberto.debora@gmail.com','LOBERTO DEBORA'),(166,3,'faclavi@alice.it','SCARAMUZZINO CLAUDIA'),(167,3,'elife74@gmail.com','FERRO ELISA'),(168,3,'s.provenza13@gmail.com','PROVENZA STEFANIA'),(169,3,'ghigoegiulia@yahoo.it','LUPPOLI GIULIA'),(170,3,'stefibisogno@gmail.com','BISOGNO STEFANIA'),(171,3,'paolalamanna2000@gmail.com','LAMANNA PAOLA'),(172,3,'silviafgcosta@gmail.com','COSTA SILVIA'),(173,3,'federica_fantozzi@yahoo.it','FANTOZZI FEDERICA'),(174,3,'goreli@libero.it','GORELLI ELISA'),(175,3,'giannilelo@alice.it','LORENZINI ELEONORA'),(176,3,'alessandrafontani@gmail.com','FONTANI ALESSANDRA'),(177,3,'annalisataccioli@gmail.com','TACCIOLI ANNALISA'),(178,3,'antonio.marzi@banca.mps.it','MARZI ANTONIO'),(179,3,'alessandra.belardini@poliziadistato.it','BELARDINI ALESSANDRA'),(180,3,'ippolitac@tiscali.it','CALBI IPPOLITA'),(181,3,'monica.valacchi@istruzione.it','VALACCHI MONICA'),(182,3,'sara.debolini@yahoo.it','DEBOLINI SARA'),(183,3,'ducciobalestracci@hotmail.it','BALESTRACCI DUCCIO'),(184,3,'paganelli.valentina@alice.it','PARRI MARZIA'),(185,3,'anna.vanella@libero.it','VANELLA ANNA'),(186,3,'advonnolo@hotmail.it','DI VONNOLO ANNALISA'),(187,3,'danyans@virgilio.it','ANSELMI DANIELA'),(188,3,'rossella.lezzi@email.it','LEZZI ROSSELLA'),(189,3,'marialaurasabatini@virgilio.it','SABATINI MARIA LAURA'),(190,3,'marchetti@centroufficio.org','MARCHETTI MASSIMO'),(191,3,'clara.ietto@tiscali.it','IETTO CLARA'),(192,3,'fede_thebest.97@hotmail.it','MENICONI MONICA'),(193,3,'ital-pol@virgilio.it','ZDYB BEATA ANNA'),(194,3,'patrizia.salaris@hotmail.it','SALARIS PATRIZIA'),(195,3,'mariagrazia.alfisi@cbalex.com','ALFISI MARIA GRAZIA'),(196,3,'hiro31hiro10@hotmail.co.jp','SUZUKI HIROKO'),(197,3,'ncortigiani@yahoo.it','CORTIGIANI NICCOLO'),(198,3,'maxfer42@hotmail.com','FERRARA MASSIMILIANO'),(199,3,'trullatrulla@hotmail.com','MASTROCICCO COSTANZA'),(200,3,'valentinapecci@libero.it','PECCI VALENTINA'),(201,3,'marika-r@hotmail.it','RANIOLO MARIKA'),(202,3,'stefaniacrisafulli@hotmail.it','CRISAFULLI STEFANIA'),(203,3,'nib77@vodafone.it','VANNELLI SIMONE'),(204,3,'antonellatodaro59@gmail.com','TODARO ANTONELLA'),(205,3,'liberatibuccianti@gmail.com','LIBERATI GIOVANNI'),(206,3,'erica_borgogni@yahoo.it','BORGOGNI ERICA'),(207,3,'donatella.minucci@libero.it','MINUCCI DONATELLA'),(208,3,'beeetta@virgilio.it','MARTINI ELISABETTA'),(209,3,'mistero82@inwind.it','FAGIOLI MONICA'),(210,3,'susanna.fusi@interno.it','FUSI SUSANNA'),(211,3,'ivan.ma@hotmail.it','MAZZA IVAN'),(212,3,'gerardo_rescigno@hotmail.com','RESCIGNO GERARDO'),(213,3,'barbaravannini.79@gmail.com','VANNINI BARBARA'),(214,3,'susanna@meiattini.it','MEIATTINI SUSANNA'),(215,3,'bacci.marco@yahoo.it','GATTARI ANNA PAOLA'),(216,3,'persa.syrimi@hotmail.com','SYRIMI PERSEFONI'),(217,3,'ixcanil@gmail.com','ZABALETA LAURA'),(218,3,'mppicchimariani@alice.it','MARIANI MARIA PIA'),(219,3,'uvalmori@yahoo.it','VALMORI URSULA'),(220,3,'mmartellucci@hotmail.com','MARTELLUCCI MAURA'),(221,3,'elisanannicini75@gmail.com','NANNICINI ELISA'),(222,3,'saramulinacci@yahoo.it','MULINACCI SARA'),(223,3,'lupestre77@libero.it','ALBERINI MARTA'),(224,3,'maurizio.caldi@sansedonispa.it','CALDI MAURIZIO'),(225,3,'elenamugnaini@gmail.com','MUGNAINI ELENA'),(226,3,'giaomino57@libero.it','BAGNOLI MAURO'),(227,3,'torifamily@hotmail.it','MERRO ROSARIA'),(228,3,'giuliocarob@tiscali.it','CAROBELLI GIULIO'),(229,3,'deamolla@yahoo.com','MOLLA DEA'),(230,3,'ginalogaldo@libero.it','LOGALDO GINA'),(231,3,'als1981@libero.it','LA SORTE AGOSTINO'),(232,3,'crestifrancesco@libero.it','CRESTI FRANCESCO'),(233,3,'gilli90@libero.it','SALVATORI GIANNA'),(234,3,'guida@essedil.net','GUIDARELLI STEFANO'),(235,3,'stellinafa@hotmail.it','CANCILA FRANCESCA'),(236,3,'silviachiassai@virgilio.it','CHIASSAI SILVIA'),(237,3,'v.g.elmo@virgilio.it','ELMO VANESSA'),(238,3,'macucci@libero.it','MACUCCI ROBERTO'),(239,3,'zatiana@libero.it','STAMMEGNA SATIANA'),(240,3,'rossanab_77@yahoo.it','BISCOTTI ROSSANA'),(241,3,'c.civici@alice.it','CIVICI CINZIA'),(242,3,'danielaspampani@alice.it','STAMPANI DANIELA'),(243,3,'gabriele@squareshops.eu','THE SQUARE SRL'),(244,3,'malenaa@teletu.it','VINDIGNI BARBARA'),(245,3,'conti19@unisi.it','CONTI NICOLO'),(246,3,'andrealongo89@tiscali.it','LONGO ANDREA'),(247,3,'maribon_1951@libero.it','BONFIGLIOLI MARIELLA'),(248,3,'penelope.re@libero.it','REDANO GAIA'),(249,3,'marti.rosati@virgilio.it','ROSATI MARTINA'),(250,3,'ele.lilla@hotmail.it','FABBRINI ELENA'),(251,3,'tiziana.basagni@studiofei.it','BASAGNI TIZIANA'),(252,3,'riccardo.rosso.siena@alice.it','ROSSO RICCARDO'),(253,3,'caterina.pianigiani@hotmail.it','PIANIGIANI CATERINA'),(254,3,'paolacamaiani@yahoo.it','CAMAIANI PAOLA'),(255,3,'cuoco.gf@gmail.com','CUOCO GIUSEPPINA'),(256,3,'isadoraturchi@msn.com','TURCHI ISADORA'),(257,3,'andrea.bruschettini@gmail.com','BRUSCHETTINI ANDREA'),(258,3,'giulycappy@gmail.com','CAPPIELLO GIULIANA'),(259,3,'minacate@gmail.com','CAVALLO CATERINA'),(260,3,'annalisa.cadau@alice.it','CADAU ANNALISA'),(261,3,'francescabrocchi@libero.it','BROCCHI FRANCESCA'),(262,3,'lallina50@libero.it','ROSI LAURA'),(263,3,'ale_tadde@hotmail.com','TADDEINI ALESSANDRO'),(264,3,'palfert@supereva.it','FERRETTI PAOLA'),(265,3,'catemangia@gmail.com','MANGIA CATERINA'),(266,3,'chiccazero@hotmail.it','SANDRUCCI FEDERICA'),(267,3,'meri.tafani@libero.it','TAFANI MERI'),(268,3,'elisa_pn@hotmail.com','PUCCINI NEGRINI ELISA'),(269,3,'ottavio.chiezzi@alice.it','CHIEZZI OTTAVIO'),(270,3,'iannucci.marco@gmail.com','IANNUCCI MARCO'),(271,3,'lupinasantabenedetta@alice.it','SANI DEBORAH'),(272,3,'midosiena@hotmail.it','AHMED NAIEM IBRAHIM'),(273,3,'claudiabini@studiolegalebartalinibini.it','BINI CLAUDIA'),(274,3,'ceciliabartalini@studiolegalebartalinibini.it','BARTALINI CECILIA'),(275,3,'mimmo.laforgia@gmail.com','LA FORGIA DOMENICO'),(276,3,'blue04@virgilio.it','DI LUCIA EMANUELA'),(277,3,'elisabettaganetti@virgilio.it','GANETTI ELISABETTA'),(278,3,'niniko@alice.it','CHELISHVILI TAMAR'),(279,3,'parafarmacia.lalizza@libero.it','GIOIA DOMENICA'),(280,3,'giovannipellicci@gmail.com','PELLICCI GIOVANNI'),(281,3,'margherita.artini@libero.it','ARTINI MARGHERITA'),(282,3,'micdona@alice.it','DONATIELLO MICHELA'),(283,3,'raffaella.devito@email.it','DE VITO RAFFAELLA'),(284,3,'eguarrito1@libero.it','GUARINO ELISA'),(285,3,'lara.devito@email.it','DE VITO LARA'),(286,3,'donatella.balducci@email.it','BALDUCCI DONATELLA'),(287,3,'caterinaarcese@virgilio.it','ARCESE CATERINA'),(288,3,'tagliaferrialessio@yahoo.it','TAGLIAFERRI ALESSIO'),(289,3,'biribi62@hotmail.it','TOSCANO ROSALBA'),(290,3,'wilmer_mostacciuolo@hotmail.com','MOSTACCIUOLO WILMER'),(291,3,'adelevai@yahoo.it','VAGLIO ADELE'),(292,3,'patrizia.mucciarelli@tin.it','MUCCIARELLI PATRIZIA'),(293,3,'laura.gu@hotmail.it','GUGLIELMINI LAURA'),(294,3,'ginatripicchio@hotmail.it','TRIPICCHIO GINA'),(295,3,'domval86@libero.it','VALENTI DOMENICO'),(296,3,'caciara.panti@gmail.com','PANTI CHIARA'),(297,3,'aurora.tansini@libero.it','TANSINI AURORA'),(298,3,'bmontini1972@libero.it','MONTINI BARBARA'),(299,3,'fabiopignattai@virgilio.it','CENCIONI BENEDETTA'),(300,3,'chiaracasagli@virgilio.it','CASAGLI CHIARA'),(301,3,'luisa_dumbleton@hotmail.com','DUMBLETON LOUISA'),(302,3,'rossanaes@libero.it','ESPOSITO ROSSANA'),(303,3,'annamarialongo@alice.it','LONGO ANNA'),(304,3,'rosariatutino@gmail.com','TUTINO ROSARIA'),(305,3,'alice@magellanoviaggi.it','DE VIVO ALICE'),(306,3,'carmensalviulo@yahoo.it','SALVIULO CARMEN'),(307,3,'sofiavanni@alice.it','SALETTI SOFIA'),(308,3,'crogio1@libero.it','CROCETTA MASSIMO'),(309,3,'alberto.cammarano@tiscali.it','CAMMARANO ALBERTO'),(310,3,'gigiguerrera_87@live.it','GUERRERA LUIGI'),(311,3,'giuliabraccagni@live.it','BRACCAGNI GIULIA'),(312,3,'sergio731@cheapnet.it','BECAGLI ANNARITA'),(313,3,'albway@live.it','GHIANDAI ALBERTO'),(314,3,'leo@leomuzzi.com','MUZZI LEONARDO'),(315,3,'nicoletta.mencarelli@allianzbank.it','MENCARELLI NICOLETTA'),(316,3,'claudia.simoncelli@allianzbank.it','SIMONCELLI CLAUDIA'),(317,3,'antonino.trapani@bancaditalia.it','TRAPANI ANTONINO'),(318,3,'defrancesco75@libero.it','DE FRANCESCO SONIA'),(319,3,'federicalbn@gmail.com','ALBANO FEDERICA'),(320,3,'annamaria.giulia@gmail.com','MARCHIONI ANNA MARIA'),(321,3,'nbotare@tin.it','BOTARELLI NICOLA'),(322,3,'valentiano@unisi.it','VALENTIANO LUISA'),(323,3,'emanuele@mobilibianchini.com','BIANCHINI EMANUELE'),(324,3,'e.pallucca@ao-siena.toscana.it','PALLUCCA ELEONORA'),(325,3,'vegi@vegi.it','NANNICINI ILARIA'),(326,3,'giselda.debonis@libero.it','DE BONIS GISELDA'),(327,3,'avv.elisabettacarloni@gmail.com','CARLONI ELISABETTA'),(328,3,'giarletta.biancamaria@gmail.com','GIARLETTA BIANCAMARIA'),(329,3,'nelly.sm@libero.it','MAHMOUD HELMY NELLY'),(330,3,'lovablegaia@hotmail.it','NANNOTTI GAIA'),(331,3,'mariateresa.albanese@tesoro.it','ALBANESE MARIA TERESA'),(332,3,'manuela@piattelli.com','CALONACI MANUELA'),(333,3,'albetta_210@hotmail.it','CIARPELLA ALBA'),(334,3,'info@immobiliaredelsal.it','DEL SAL GIORGIO'),(335,3,'rachelemarini@libero.it','MARINI RACHELE'),(336,3,'hbabassana@yahoo.fr','BABASSANA HERBERT TANGUY'),(337,3,'mariarachele.arena@banca.mps.it','ARENA MARILENA'),(338,3,'mara.muterini@gmail.com','MUTERINI MARIA'),(339,3,'selenia.sgarro.110@istruzione.it','SGARRO SELENIA'),(340,3,'andrea.pucci@gmail.com','PUCCI ANDREA'),(341,3,'a2gucci@yahoo.it','ARRIGUCCI ALESSANDRO'),(342,3,'orsola@thenewoxfordschool.it','MAIONE ORSOLA'),(343,3,'pasticceriadocedoce@libero.it','PALOMBA AURELIA'),(344,3,'info@dalis.it','BANDIERA SILVIA'),(345,3,'anita.gonnella@libero.it','GONNELLA ANITA'),(346,3,'ericyoukancy@yahoo.it','YGUKANTOUDJUI ERIC ARMAND'),(347,3,'batteral@libero.it','BENNICI LORETTA'),(348,3,'fbarone@studiolegalebarone.com','BARONE BOMBAGLI FEDERICA'),(349,3,'abeyolani@hotmail.com','LANI ALMA'),(350,3,'etizy@yahoo.it','ESPOSITO TIZIANA'),(351,3,'t.anto125@yahoo.it','TOZZI ANTONELLA'),(352,3,'djvalentinik@hotmail.it','GIOMI VALENTINO'),(353,3,'francaricioppo@libero.it','RICIOPPO FRANCA'),(354,3,'michela.b3@virgilio.it','BERNARDI MICHELA'),(355,3,'lucgriso@gmail.com','GRISOSTOMI LUCIA'),(356,3,'simona.marginesi@hotmail.it','MARGINESI SIMONA'),(357,3,'marcyfai@yahoo.it','FAI MARCEL'),(358,3,'pintayan@yahoo.fr','YANNICK ROLAND PINTA'),(359,3,'cacala72@gmail.com','CECCARELLI LAURA'),(360,3,'aras.6@libero.it','PAOLUCCI SARA'),(361,3,'aldomiscali@hotmail.it','MISCALI ALDO'),(362,3,'baby.piolo@gmail.com','SANTONI PAOLO'),(363,3,'daiutomaria@gmail.com','D AIUTO MARIA'),(364,3,'rossisall@yahoo.it','SALLUCE ROSSANA'),(365,3,'s.bartali@usl7.toscana.it','BARTALI SILVIA'),(366,3,'secchitarugi@gmail.com','SECCHI TARUGI LUCIA'),(367,3,'giorgistefania@alice.it','GIORGI STEFANIA'),(368,3,'istrice@tin.it','PRUNETI PATRIZIA'),(369,3,'giovianna@hotmail.it','SANITA GIOVANNA'),(370,3,'fofackninted29@libero.it','FOFACK OLIVE'),(371,3,'chiaramartinelli_@libero.it','MARTINELLI CHIARA'),(372,3,'silvia.leoncini@libero.it','LEONCINI SILVIA'),(373,3,'cristinaciaccio@hotmail.com','CIACCIO CRISTINA'),(374,3,'b.magi@unipolsiena.it','MAGI BEATRICE'),(375,3,'grazia.tarquini@alice.it','TARQUINI GRAZIA'),(376,3,'info@stanzadellamemoria.it','MATTEI LAURA'),(377,3,'carletti_francesca@libero.it','CARLETTI FRANCESCA'),(378,3,'marimea@alice.it','MEA MARIASSUNTA'),(379,3,'bruno-cristian77@libero.it','BRUNO GIOVANNI CRISTIAN'),(380,3,'fabio.fineschi@teletu.it','FINESCHI FABIO'),(381,3,'carlanocente@gmail.com','NOCENTE CARLA'),(382,3,'diletta1983@hotmail.it','GOSI DILETTA'),(383,3,'lorenzobicchi@libero.it','BICCHI LORENZO'),(384,3,'montagnani@medicicolle.it','MONTAGNANI IULA'),(385,3,'poggiani3@unisi.it','POGGIANI M. LETIZIA'),(386,3,'avvraponi@alice.it','RAPONI MARIA CONCETTA'),(387,3,'elninho80@hotmail.it','FALBO ANDREA'),(388,3,'carmen-bianco@libero.it','BIANCO CARMEN'),(389,3,'losa.jnes@yahoo.it','SALLAKU ERONA'),(390,3,'lerida_1@hotmail.com','ALLKA LERIDA'),(391,3,'sereni.daniele@gmail.com','SERENI DANIELE'),(392,3,'montinima@libero.it','MONTINI MAURIZIO'),(393,3,'mariaritaferri@libero.it','FERRI MARIA RITA'),(394,3,'djmans10@hotmail.it','COLAVITA MANUEL'),(395,3,'khrys.7@hotmail.it','CITTADONI CRISTOPHER'),(396,3,'antonella.terracina@piuenergiaelettrica.it','TERRACINA ANTONELLA'),(397,3,'katiuscia.bompadre@email.it','BOMPADRE KATIUSCIA'),(398,3,'cristina.lucantoni@yahoo.it','LUCANTONI CRISTINA'),(399,3,'marica023@hotmail.com','GASPARRINI MARICA'),(400,3,'barbara_mei@hotmail.it','MEI BARBARA'),(401,3,'bettabu3@yahoo.it','BAMBU ELISABETTA'),(402,3,'ariannangel79@gmail.com','ANGELINI ARIANNA'),(403,3,'wilma.cetra@alice.it','CETRA WILMA'),(404,3,'fabrizio.28@tiscali.it','MELILLI FABRIZIO'),(405,3,'franc86b@hotmail.it','BARBI FRANCESCA'),(406,3,'ale.uni2005@libero.it','AVOLIO ALESSIA'),(407,3,'daniele.rinaldi@piuenergiaelettrica.it','RINALDI DANIELE'),(408,3,'isabeoru007@virgilio.it','DOMINIA ELISA'),(409,3,'noemisargenti@hotmail.it','SARGENTI NOEMI'),(410,3,'elisa.bagatti@libero.it','BAGATTI ELISA'),(411,3,'n.cerasini@yahoo.it','CERASINI NATASHA'),(412,3,'flora.piccini@libero.it','PICCINI FLORA'),(413,3,'cri78.lai@live.it','LAI CRISTIANA'),(414,3,'ilapiumata@libero.it','AVOLIO ILARIA'),(415,3,'france.mancuso@gmail.com','MANCUSO FRANCESCO'),(416,3,'moniabonacci08@alice.it','BONACCI MONIA'),(417,3,'catia.riboloni@gmail.com','RIBOLONI CATIA'),(418,3,'chiara.lumaca@libero.it','LUMACA CHIARA'),(419,3,'chiara_cesarini@libero.it','CESARINI CHIARA'),(420,3,'barbyvale@tiscali.it','MEI VALENTINA'),(421,3,'cristiana.riccetti@libero.it','RICCETTI CRISTIANA'),(422,3,'martina.recchioni@libero.it','RECCHIONI MARTINA'),(423,3,'enzacres@yahoo.it','CRESCIMANNO ENZA'),(424,3,'donatotartamelli@libero.it','TARTAMELLI DONATO'),(425,3,'karinb.@live.it','BUROVA KARIN'),(426,3,'isaben31@libero.it','BENEDETTI ISABELLA'),(427,3,'blanca.23@hotmail.it','STANGANINI ANNA'),(428,3,'lauramar@hotmail.it','MARONA LAURA'),(429,3,'paola.ax@libero.it','SCIARRONI PAOLA'),(430,3,'sassiric@alice.it','SASSI RICCARDO'),(431,3,'19fra84@alice.it','ROSSI FRANCESCO'),(432,3,'bah.bah@libero.it','FATTORI STEFANO'),(433,3,'giuli.1999@mail.ru','OSMANOVA GIULI'),(434,3,'francescacool@gmail.com','TRENTINI FRANCESCA'),(435,3,'almadamato@hotmail.it','DAMATO ALMA'),(436,3,'mauroesilvana@alice.it','QUAGLIA SILVANA'),(437,3,'grassia@unisi.it','GRASSI ANNAMARIA'),(438,3,'dmazzieri@libero.it','BURICO MAZZIERI DANIELA'),(439,3,'s.morgana2@tiscali.it','VALDRIGHI VALENTINA'),(440,3,'luciamromillo@hotmail.it','ROMILLO LUCIA MARIA'),(441,3,'ravenni@libero.it','AIELLO CHIARA'),(442,3,'cortesi.annalisa@virgilio.it','CORTESI ANNALISA'),(443,3,'eco_edil@libero.it','SALONE GIUSEPPE'),(444,3,'fede.993@live.it','DI FRANCESCO FEDERICO'),(445,3,'serenamiraldi@hotmail.com','MIRALDI SERENA'),(446,3,'vbellia@me.com','BELLIA VALERIO'),(447,3,'bchmrc@gmail.com','BECHI MARCO'),(448,3,'francesca.g90@hotmail.it','GIULIANI FRANCESCA'),(449,3,'simo665@hotmail.it','TADDEO SIMONE'),(450,3,'federica.pagni@libero.it','PAGNI MARIA FEDERICA'),(451,3,'marziabi@gmail.com','BINDI MARZIA'),(452,3,'rosigc@yahoo.com.ar','GUTIERREZ ROSALIA'),(453,3,'thibault98@hotmail.com','TOUAJUI LOUIS THIBAULT LGAROL'),(454,3,'giobrando@tiscali.it','BRANDO ANDREA'),(455,3,'chiabenn@tin.it','BENNATI CHIARA'),(456,3,'almanten@tin.it','PECCIARELLI SANDRA'),(457,3,'robertaresti@libero.it','RESTI ROBERTA'),(458,3,'calegiusta@virgilio.it','BONUCCI MARIA LETIZIA'),(459,3,'nadia.cacelli@istruzione.it','CACELLI NADIA'),(460,3,'swarz29@libero.it','FORMICA MARIA ELENA'),(461,3,'sanela72@libero.it','LORENZONI SANELA'),(462,3,'milvana.barbato@live.it','ALFISI MILVANA'),(463,3,'centrovetmontarioso@live.it','FONTANI MICHELA'),(464,3,'gio2006@hotmail.it','CALABRESE GIORGIO'),(465,3,'ceciocm@gmail.com','CATENI CECILIA'),(466,3,'mariannadelpozzo@hotmail.it','DEL POZZO MARIANNA'),(467,3,'katrina.siena@gmail.com','OZEROVA EKATERINA'),(468,3,'angelabrunelli@alice.it','BRUNELLI ANGELA'),(469,3,'mariapisaneschi@virgilio.it','CERVINI MARIA'),(470,3,'nina.m77@hotmail.it','MARESCA ANNUNZIATA'),(471,3,'giulia.bernardini@poste.it','BERNARDINI GIULIA'),(472,3,'robertomaffei@alice.it','MAFFEI ROBERTO'),(473,3,'rosyta92@live.it','PELLEGRINO ROSITA'),(474,3,'avvsimonafulceri@alice.it','FULCERI SIMONA'),(475,3,'dezdez@hotmail.it','CARBONE DARIO'),(476,3,'ag.immobiliare@hotmail.it','GHEORGHE CARISA'),(477,3,'carlacappellini@gmail.com','CAPPELLINI CARLA'),(478,3,'ben.cenni@gmail.com','CENNI BENEDETTA'),(479,3,'nico.87@tiscali.it','CAPPELLETTI NICO'),(480,3,'mariolinapalazzo@yahoo.it','PALAZZO MARIA'),(481,3,'elioaloia@libero.it','ALOIA ELIO'),(482,3,'christianedehmel@yahoo.it','DEHEMEL CHRISTIANE'),(483,3,'laphotoflou@virgilio.it','AMATRUDA MARCO'),(484,3,'cecilia.viti@unisi.it','VITI CECILIA'),(485,3,'sarafanti85@gmail.com','FANTI SARA'),(486,3,'nenaotto@hotmail.com','DINI ELENA'),(487,3,'pompilio_tosti@libero.it','CINOTTI ELENA'),(488,3,'pimulin@libero.it','MULINACCI PIETRO'),(489,3,'lucia_bartolomei@virgilio.it','BARTOLOMEI LUCIA'),(490,3,'g.casciaro@flcgil.it','CASCIARO GILDA'),(491,3,'rbari51@gmail.com','BARI ROSANNA'),(492,3,'efromelba@me.com','RICCI ELISABETTA'),(493,3,'madonielena@libero.it','MADONI ELENA'),(494,3,'carlafioravanti@hotmail.it','FIORAVANTI CARLA'),(495,3,'sara91.13@hotmail.it','CHEGAI SARA'),(496,3,'valentemonica@yahoo.it','VALENTE MONICA'),(497,3,'aganowx@gmail.com','NOWAIC AGNESE'),(498,3,'cannavacciuolo2000@gmail.com','CANNAVACCIUOLO ROBERTO'),(499,3,'maddalena.dericco@fiora.it','DE RICCO MADDALENA'),(500,3,'mgcol@yahoo.it','COLLARINO MARIAGRAZIA'),(501,3,'ledasac@gmail.com','SACRAMATI LEDA'),(502,3,'info@rosifontana.it','FONTANA ROSI'),(503,3,'simona.ghionzoli@virgilio.it','GHIONZOLI SIMONA'),(504,3,'toniamartire@libero.it','MARTIRE ANTONIA'),(505,3,'meritomassini@virgilio.it','TOMASSINI MERI'),(506,3,'francesco_santomauro@hotmail.com','SANTOMAURO FRANCESCO'),(507,3,'r.benigni@ao-siena.toscana.it','BENIGNI ROSSANA'),(508,3,'lucat1976@hotmail.it','TOZZI LUCA'),(509,3,'melenabot@gmail.com','BOTTIGLIONI MARIA ELENA'),(510,3,'ng69@hotmail.it','SIGILLO LUCIA'),(511,3,'tozzi.veronica@gmail.com','TOZZI VERONICA'),(512,3,'sanso19@libero.it','SANSONI ANDREA'),(513,3,'carolina.scorzelli@gmail.com','SCORZELLI CAROLINA'),(514,3,'linda.aniello@libero.it','ANIELLO LINDA'),(515,3,'marilisadefilpo@libero.it','DE FILPO MARIA LUISA'),(516,3,'cristina_menicacci@yahoo.it','MENICACCI CRISTINA'),(517,3,'vieri_vannoni@yahoo.it','VANNONI VIERI'),(518,3,'cennamoa@gmail.com','CENNAMO ARMANDO'),(519,3,'eusica212@hotmail.it','CABIANCA ENRICA'),(520,3,'melissa.stornaiuolo@gmail.com','STORNAIUOLO MELISSA'),(521,3,'pat.60@alice.it','BIZZARRI PATRIZIA'),(522,3,'annatizianamasi@gmail.com','MASI ANNA TIZIANA'),(523,3,'dimastrochicco_g@libero.it','DIMASTROCHICCO GIACINTO'),(524,3,'vica.manshylina@mail.ru','MANSHYLINA VICTORIYA'),(525,3,'tvlsvn@gmail.com','TAVOLAZZI SILVANA'),(526,3,'isabella.marini@email.it','MARINI ISABELLA'),(527,3,'cesareboccini@tiscali.it','BOCCINI CESARE'),(528,3,'davidgorelli@gmail.com','GORELLI DAVID'),(529,3,'beligni@unistrasi.it','BELIGNI ANNAMARIA'),(530,3,'giannicipri@hotmail.it','CIPRIANI GIANNI'),(531,3,'najadakazazi@yahoo.com','KAZAZI NAJADA'),(532,3,'ale.fanetti@libero.it','FANETTI ALESSANDRA'),(533,3,'gavinacherchi@tin.it','CHERCHI GAVINA'),(534,3,'faro6670@libero.it','SILVESTRI GIOVANNA'),(535,3,'sett60@hotmail.it','PASQUINI GIULIANA'),(536,3,'defrancesco@unisi.it','FICORILLI ERMINIA'),(537,3,'katia.belardo@libero.it','BELARDO CATERINA'),(538,3,'parricinzia@libero.it','PARRI CINZIA'),(539,3,'ivadelima@gmail.com','DE LIMA IVA'),(540,3,'chiaraferrata@yahoo.it','FERRATA CHIARA'),(541,3,'giancarlo.3@hotmail.it','ROSA GIOVANNI'),(542,3,'goldnutritionsas@gmail.com','ROMANO SIMONE'),(543,3,'davidemarruso@libero.it','MARRUSO DAVIDE'),(544,3,'mars.zp@gmail.com','ZURA PUNTARONI MARTA'),(545,3,'contegiova@tin.it','VIVIANI VIVIANA'),(546,3,'nat.costa@libero.it','COSTA NATALINA'),(547,3,'guerriniandrea@hotmail.com','GUERRINI ANDREA'),(548,3,'fida.19@libero.it','FERRARI IDA'),(549,3,'marcobartali50@gmail.com','BARTALI MARCO'),(550,3,'radisnc@virgilio.it','MAZZESCHI SABRINA'),(551,3,'nenuccio1@hotmail.it','SIGNORIELLO NAZZARENO'),(552,3,'gabriello.sozzi@gmail.com','SOZZI GABRIELLO'),(553,3,'marinasmart76@gmail.com','ANNUNZIATA MARINA'),(554,3,'jacopo.brizzi@tin.it','BRIZZI JACOPO'),(555,3,'filomenaferrara@rocketmail.com','FERRARA FILOMENA'),(556,3,'helen.vitell@bredband.net','VITELL HELEN'),(557,3,'amira8@alice.it','MAKHLOUF AMIRA'),(558,3,'giuliadevuono@libero.it','DE VUONO GIULIA'),(559,3,'sandratrapassi@gmail.com','TRAPASSI SANDRA'),(560,3,'zonadilucas@yahoo.it','PAPI LUCA'),(561,3,'pierangelo89@msn.com','CORDISCHI PIERANGELO'),(562,3,'francesco.bellandi85@gmail.com','BELLANDI FRANCESCO'),(563,3,'ladieragon17@gmail.it','BARTALINI LUCIA'),(564,3,'info@lorenzodirenzone.it','DI RENZONE LORENZO'),(565,3,'marcellobucciarelli@alice.it','BUCCIARELLI VINCENZO'),(566,3,'nellyihemewola@hotmail.it','IHEMEWOLA NELLY'),(567,3,'paolo.camaiti@geopec.it','CAMAITI PAOLO'),(568,3,'carmelavita@yahoo.it','VITA CARMELA'),(569,3,'naccio91@hotmail.it','NACCI CESARE'),(570,3,'eridita7@yahoo.it','BALLA ERION'),(571,3,'rob.mart@fastwebnet.it','MARTINI ROBERTO'),(572,3,'rosanna.fruschelli@gmail.com','FRUSCHELLI ROSANNA'),(573,3,'santa.sara@alice.it','MANGANI SARA'),(574,3,'loredana_cu@libero.it','CURTI LOREDANA'),(575,3,'disimplicio@gmail.com','DI SIMPLICIO FRANCESCA'),(576,3,'rossellamalangone5@gmail.com','MALANGONE ROSSELLA'),(577,3,'saponara@unisi.it','SAPONARA SIMONA'),(578,3,'clelia.sbrolli@gmail.com','SBROLLI CLELIA'),(579,3,'ivajani@gmail.com','JANI IVA'),(580,3,'anna.valoriani@gmail.com','VALORIANI ANNA MARIA'),(581,3,'chiara.rosini@banca.mps.it','ROSINI CHIARA'),(582,3,'sarabaccheschi@alice.it','BACCHESCHI SARA'),(583,3,'raffaellaguazzo@tiscali.it','GUAZZO RAFFAELLA'),(584,3,'navarrac@hotmail.it','NAVARRA CRISTINA'),(585,3,'castefy@hotmail.com','CASTELLI STEFANIA'),(586,3,'monica.geloni@novartis.com','GELONI MONICA'),(587,3,'chiara.f76@libero.it','FRANCIONI CHIARA'),(588,3,'p.bulletti@gmail.com','BULLETTI MARIA PAOLA'),(589,3,'boccieva@gmail.com','BOCCI EVA'),(590,3,'s.adurno@virgilio.it','ADURNO SIMONA'),(591,3,'floreslucy45@yahoo.com','FLORES LUCY'),(592,3,'ccsjenny@tin.it','ANTONELLI EUGENIA'),(593,3,'lisa.bartali@tin.it','BARTALI LISA'),(594,3,'a.grasso@ao_siena.toscana.it','GRASSO ANNA'),(595,3,'babyluciano@hotmail.it','LUCIANO BARBARA'),(596,3,'e.cipressa@libero.it','CIPRESSA EMANUELA'),(597,3,'giuliana.senesi@comune.siena.it','SENESI GIULIANA'),(598,3,'fra78.s@hotmail.it','SANTORO FRANCESCA'),(599,3,'alessandro.scagnetti@gmail.com','SCAGNETTI ALESSANDRO'),(600,3,'manuela.pacchiarotti.195@istruzione.it','PACCHIAROTTI MANUELA'),(601,3,'scagnetti@tin.it','SCAGNETTI ROMEO'),(602,3,'valentina.scagnetti@eng.it','SCAGNETTI VALENTINA'),(603,3,'francescaravenni@libero.it','RAVENNI FRANCESCA'),(604,3,'vikigtan@gmail.com','GIANNUBILO VINCENZO'),(605,3,'e.rossolini@gmail.com','ROSSOLINI ELENA'),(606,3,'antonella.gallotta@tin.it','GALLOTTA ANTONELLA'),(607,3,'grossiannam@gmail.com','GROSSI ANNAMARIA'),(608,3,'c.giustarini@libero.it','GIUSTARINI CATERINA'),(609,3,'giuliodelucia@virgilio.it','BARRICELLI GRAZIELLA'),(610,3,'abartolomucci76@gmail.com','BARTOLOMUCCI ANNAMARIA'),(611,3,'chiara.polvani349@vodafone.it','POLVANI CHIARA'),(612,3,'gioia.spataro@libero.it','SPATARO GIOIA'),(613,3,'anto.paluffi@libero.it','BERARDI ANTONELLA'),(614,3,'lisa.capocci8@gmail.com','CAPOCCI LISA'),(615,3,'simone1965@interfree.it','VIGNI SIMONE'),(616,3,'yorgos.kordelas@gmail.com','KORDELAS GEORGIOS'),(617,3,'lara.bartalucci78@gmail.com','BARTALUCCI LARA'),(618,3,'robertascali@virgilio.it','SCALI ROBERTA'),(619,3,'cinzia@comeinviaggio.it','BOLOGNESI CINZIA'),(620,3,'pedretti.cristina@alice.it','PEDRETTI CRISTINA'),(621,3,'eleonoracampi@hotmail.com','CAMPI ELEONORA'),(622,3,'mbacconi@yahoo.it','BACCONI MICHELA'),(623,3,'giotor78@yahoo.it','MANGIA GIOVANNI'),(624,3,'testagiuliana@virgilio.it','TESTA GIULIANA'),(625,3,'carmenyellow@hotmail.it','SCIARAFFA CARMELA'),(626,3,'gentjan1979@yahoo.com','KACI GENTJAN'),(627,3,'isabetty@libero.it','GUASCONI ELISABETTA'),(628,3,'roby-fulmine-92@hotmail.it','LA ROCCA ROBERTO'),(629,3,'tiziana.castiglione@tin.it','CASTIGLIONE TIZIANA'),(630,3,'criser@katamail.com','SERAFINI CRISTINA'),(631,3,'anastasia822od@yahoo.it','COMIN ALESSANDRA'),(632,3,'ciusca@tin.it','SCARPELLI CINZIA'),(633,3,'andrilorifilia@alice.it','GIORGI MARTA MARIA'),(634,3,'nannis@unisi.it','NANNINI MICHELA'),(635,3,'fra_guido@hotmail.it','GUIDO FRANCESCA'),(636,3,'giuliana.ciaffarafa@tin.it','CIAFFARAFA GIULIANA'),(637,3,'muraca4@hotmail.com','MURACA MARIA CARMELA'),(638,3,'tommarras@me.com','MARRAS TOMMASO'),(639,3,'pecoraro@unina.it','PECORARO CARMINE'),(640,3,'lucarbonaro@virgilio.it','CARBONARO LUCIA'),(641,3,'doriana.deleonardis@libero.it','DE LEONARDIS DORIANA'),(642,3,'giulia.vaselli@hotmail.it','VASELLI GIULIA'),(643,3,'donatellagabellieri@gmail.com','GABELLIERI DONATELLA'),(644,3,'carlorenatopondrelli@gmail.com','PONDRELLI CARLO RENATO'),(645,3,'susanna.cammisa@email.it','CAMMISA SUSANNA'),(646,3,'donatapierangioli@libero.it','PIERANGIOLI DONATA'),(647,3,'sarabacelli@libero.it','BACELLI SARA'),(648,3,'diegosebastian@hotmail.it','TERZIANI DIEGO SEBASTIAN'),(649,3,'francescapannini@hotmail.it','PANNINI FRANCESCA'),(650,3,'emanuela.alvino@me.com','ALVINO EMANUELA'),(651,3,'fillyter@libero.it','TERMINE FILLY'),(652,3,'andrea.cappelli94@gmail.com','CAPPELLI ANDREA'),(653,3,'lisacrestileoncini@alice.it','CRESTI LISA'),(654,3,'cardinaliluca1968@yahoo.it','CARDINALI LUCA'),(655,3,'hakagentiana@yahoo.it','HAKA GENTIANA'),(656,3,'dorina.stringa@gmail.com','STRINGA DORINA'),(657,3,'brandini.chiara@gmail.com','BRANDINI CHIARA'),(658,3,'danielastringa@gmail.com','STRINGA DANIELA'),(659,3,'totta04@yahoo.it','SENNI CARLOTTA'),(660,3,'chiarabiagiotti@hotmail.com','BIAGIOTTI CHIARA'),(661,3,'kim.chen1974@gmail.com','CHEN KIM MUA'),(662,3,'frati.federico@libero.it','GAFFORIO CHIARA'),(663,3,'supermerope@virgilio.it','FALCONE MARIA'),(664,3,'silviacmp@virgilio.it','CAMPOPIANO SILVIA'),(665,3,'loagne@me.com','AGNELLI LORENZO'),(666,3,'veronica@pasqualetti.net','PASQUALETTI VERONICA'),(667,3,'melachecca@virgilio.it','GAGGELLI MONICA'),(668,3,'lu.federica@libero.it','LUCCHI FEDERICA'),(669,3,'totirizzo@libero.it','RIZZO SALVATORE'),(670,3,'elisabetta.guagnano@email.it','GUAGNANO ELISABETTA'),(671,3,'stefano.ferri@gapsiena.it','MORICCIANI BARBARA'),(672,3,'mik.san@virgilio.it','MICHELI SANDRA'),(673,3,'cocozpaola@gmail.com','COCOZZA PAOLA'),(674,3,'serafini.michela@virgilio.it','SERAFINI MICHELA'),(675,3,'gemmastecchi@gmail.com','STECCHI GEMMA'),(676,3,'cria93xte@hotmail.it','ARFELLI CRISTIANA'),(677,3,'dania.coddi@virgilio.it','ALLEGRENE ANDREA'),(678,3,'roberto.bozzi@tin.it','BOZZI ROBERTO'),(679,3,'amatoalessandr@libero.it','AMATO ALESSANDRA'),(680,3,'annatosi45@yahoo.it','TOSI ANNA'),(681,3,'claudiococchia@libero.it','COCCHIA CLAUDIO'),(682,3,'mteresa.greco@libero.it','GRECO MARIA TERESA'),(683,3,'brogi.s@libero.it','BROGI SILVIA'),(684,3,'vittoria.baker@libero.it','BAKER VITTORIA'),(685,3,'drngoyi@hotmail.com','NGOYI KYPA'),(686,3,'angelinisusanna@simail.it','ANGELINI SUSANNA'),(687,3,'pasqu8@libero.it','GNONI PASQUALE'),(688,3,'f.palmieri@gmail.com','PALMIERI FABIO'),(689,3,'sulstini@libero.it','ASLLANI SULSANA'),(690,3,'elisabetta.cresti@poggioallerose.com','CRESTI ELISABETTA'),(691,3,'claudiocalvino@libero.it','CALVINO CLAUDIO'),(692,3,'simonettamensini@gmail.com','MENSINI SIMONETTA'),(693,3,'beatrice.grilli@tin.it','GRILLI BEATRICE'),(694,3,'ro.morabito@alice.it','MORABITO ROSA MARIA'),(695,3,'alexandragreco84@libero.it','GRECO ALESSANDRA'),(696,3,'claralopiano@live.it','LOPIANO CLARA'),(697,3,'luca.landi@bianchielettronica.com','LANDI LUCA'),(698,3,'ng69@hotmail.it','SICILLO LUCIA'),(699,3,'stefanobongarzone@hotmail.com','BONGARZONE STEFANO'),(700,3,'scoccia.ga@libero.it','SCOCCIA GIANNANDREA'),(701,3,'giuseppina.prandi@libero.it','PRANDI GIUSEPPINA'),(702,3,'clydereverdy@yahoo.it','NANA CLYDE'),(703,3,'rossella.nemo@libero.it','TESTI ROSSELLA'),(704,3,'laurenceolivard@alice.it','OLIVARD LAURENCE'),(705,3,'ali87@email.it','FRANCESCHI ALICE'),(706,3,'raffaellanapolitano@virgilio.it','NAPOLITANO RAFFAELLA'),(707,3,'bruna@tenutetoscane.com','BARONCINI BRUNA'),(708,3,'sabrina.cioni@gmail.com','CIONI SABRINA'),(709,3,'angela.carletti@virgilio.it','CARLETTI ANGELA'),(710,3,'simonalenzini@alice.it','LENZINI SIMONA'),(711,3,'taniacampagna@hotmail.it','CAMPAGNA TANIA'),(712,3,'cgiomini@alice.it','GIOMINI CLAUDIO'),(713,3,'maddalenalofiego@yahoo.it','LOFIEGO MADDALENA'),(714,3,'jyxi983@iab.com','XIAN JIANG'),(715,3,'fcaroni99@libero.it','GROPPI FEDERICA'),(716,3,'malikat2013@yahoo.it','ZENINE MALIKA'),(717,3,'antorossi3@yahoo.it','ROSSI ANTONELLA'),(718,3,'ladyviv@libero.it','SANTARSIERE ALESSANDRO'),(719,3,'b.sandretti@vodafone.it','SANDRETTI BRUNA'),(720,3,'eleonora.pugliese@studiolegalepugliese.net','PUGLIESE ELEONORA'),(721,3,'antoeclaudio@gmail.com','TARANTINO ANTONELLA'),(722,3,'guerrini59@libero.it','GUERRINI ELISABETTA'),(723,3,'mariella.74@hotmail.it','ADRAGNA MARIELLA'),(724,3,'francescolombardi7@gmail.com','LOMBARDI FRANCESCO'),(725,3,'alla.but@hotmail.com','BUT ALLA'),(726,3,'silvia.bigliazzi@libero.it','BIGLIAZZI SILVIA'),(727,3,'sandravannini@tin.it','VANNINI SANDRA'),(728,3,'elisabettalberti@gmail.com','ALBERTI ELISABETTA'),(729,3,'laura_ponticelli@hotmail.com','PONTICELLI LAURA'),(730,3,'anna_vanzo@libero.it','GUERRA BARBARA'),(731,3,'mfalchi2008@gmail.com','CANTELLI SUSANNA'),(732,3,'francesco_nm@hotmail.it','NARNI MANCINELLI FRANCESCO'),(733,3,'sandrarossi54@libero.it','ROSSI BARONI SANDRA'),(734,3,'snooooopsss@msn.com','MOLINO ANNACHIARA'),(735,3,'elenacavari@yahoo.it','CAVARI ELENA'),(736,3,'cinzia.benocci@yahoo.it','BENOCCI CINZIA'),(737,3,'bruni.m@live.it','BRUNI MANUELA'),(738,3,'cristina.giorgi2260@gmail.com','GIORGI CRISTINA'),(739,3,'simona_ludovico@libero.it','FABBRI MARIA SIMONA'),(740,3,'gabrivannozzi@gmail.com','VANNOZZI GABRIELLA'),(741,3,'manuelaromano1979@libero.it','ROMANO MANUELA'),(742,3,'lunam.grazia@libero.it','LUNA MARIA GRAZIA'),(743,3,'marzia.dispinseri@hotmail.it','DISPINSERI MARZIA'),(744,3,'polimichela@libero.it','POLI MICHELA'),(745,3,'jacopo.frediani@gmail.com','FREDIANI JACOPO'),(746,3,'fedecorbelli@hotmail.it','CORBELLI FEDERICO'),(747,3,'sisaioete@hotmail.it','FANTONI SIMONE'),(748,3,'monacoemanuela@tiscali.it','MONACO EMANUELA'),(749,3,'edison.omeri@hotmail.it','OMERI EDISON'),(750,3,'egizia.cappellini@gmail.com','CAPPELLINI EGIZIA'),(751,3,'elenasolari17@gmail.com','SOLARI MARIA ELENA'),(752,3,'pietroburroni@alice.it','BURRONI PIETRO'),(753,3,'marziamarchetti@alice.it','MARCHETTI MARZIA'),(754,3,'sonia.calz@gmail.com','CALZERONI SONIA'),(755,3,'maulire@gmail.com','CAMMALIRE MAURIZIO'),(756,3,'cati4@hotmail.it','BRIGANTI CATERINA'),(757,3,'russo.giulia10@hotmail.it','RUSSO GIULIA'),(758,3,'michelemonica92@gmail.com','MONICA MICHELE'),(759,3,'carminecompagnone@virgilio.it','COMPAGNONE CARMINE'),(760,3,'maggichela@katamail.com','MAGGI MICHELA'),(761,3,'margherossi@hotmail.it','ROSSI MARGHERITA'),(762,3,'leandrooriglia@yahoo.it','ORIGLIA LEANDRO'),(763,3,'nobu.enotecaitaliana@gmail.com','SUZUKI NOBUHIKO'),(764,3,'alessandra.benci@gmail.com','BENCI ALESSANDRA'),(765,3,'cecilia.cattaneo@tin.it','CATTANEO CECILIA'),(766,3,'laurabonelli@hotmail.com','BONELLI LAURA'),(767,3,'paolaviviani@yahoo.it','VIVIANI PAOLA'),(768,3,'apolzinetti@me.com','POLZINETTI ALESSANDRA'),(769,3,'samy19ef@hotmail.it','FALCIANI SAMANTHA'),(770,3,'mariacaraceni@inwind.it','CARACENI MARIA LAURA'),(771,3,'paolo.grafix@alice.it','ROMAGNOLO LAURA'),(772,3,'albataaa@hotmail.it','CARTA ALBA'),(773,3,'sere.v87@alice.it','VANNONI SERENA'),(774,3,'barbara.giardinovalente@istruzione.it','GIARDINO VALENTE BARBARA'),(775,3,'ilariacione@libero.it','CIONE GINA ILARIA'),(776,3,'valentina.lupo@hotmail.it','LUPO VALENTINA'),(777,3,'samy1234@alice.it','MANCINI FEDERICO'),(778,3,'brigittacortigiani@gmail.com','CORTIGIANI BRIGITTA'),(779,3,'chicca.2109@libero.it','FRANCALANCI DALIA'),(780,3,'gabrycocco16@hotmail.it','CUCCURULLO GABRIELE'),(781,3,'pipezza@hotmail.it','IOELE GIUSY'),(782,3,'wenjinglu522@hotmail.com','LU WEN JMG'),(783,3,'minavalentini@alice.it','VALENTINI MINA'),(784,3,'veneziamauro@hotmail.it','VENEZIA MAURO'),(785,3,'alessia.berni@gmail.com','BERNI ALESSIA'),(786,3,'gpmarroni@libero.it','MARRONI GUGLIELMA'),(787,3,'margheoca@hotmail.it','MARRI MARGHERITA'),(788,3,'chiarafusi2012@libero.it','FUSI CHIARA'),(789,3,'lep95@libero.it','SADOWSKA LIDIA'),(790,3,'soldino2001@libero.it','SOLDANI FRANCESCO'),(791,3,'g.alessandra89@alice.it','GARGIANI ALESSANDRA'),(792,3,'pepperosario@gmail.com','PEPPE ROSARIO'),(793,3,'info@danielecasella.com','CASELLA DANIELE'),(794,3,'s.gianna@email.it','SANTARSIERO GIANNA'),(795,3,'deangelisrenzi@hotmail.it','RENZI BARBARA'),(796,3,'romina.romi@virgilio.it','GIUBBILEI ROMINA'),(797,3,'martavale27@gmail.com','VALENTINI MARTA'),(798,3,'ilmuzii@tin.it','MUZII ILARIA'),(799,3,'benarme@libero.it','ARMELLINI BENEDETTA'),(800,3,'isabella.rossi@banca.mps.it','ROSSI ISABELLA'),(801,3,'sonia.bonifacio15@gmail.com','BONIFACIO SONIA'),(802,3,'sabrina.libertini@gmail.com','LIBERTINI SABRINA'),(803,3,'elisalazzeri@hotmail.it','LAZZERI ELISA'),(804,3,'laurasemboli@gmail.com','SEMBOLI LAURA'),(805,3,'daria_cos@hotmail.com','COSENZA DARIA'),(806,3,'camaiani@alice.it','SCALI MANOLA'),(807,3,'claudiagarosi@gmail.com','GAROSI CLAUDIA'),(808,3,'stevetall_92@hotmail.com','STEVEN TALL'),(809,3,'giulia.riviello@live.it','DI MEO ILARIA'),(810,3,'stefania.biagi@sienamotori.it','BIAGI STEFANIA'),(811,3,'giorgia.cola@aliceposta.it','COLAFRANCESCHI GIORGIA'),(812,3,'prisco.piscitelli@virgilio.it','PISCITELLI PRISCO'),(813,3,'teresa.cicero@gmail.com','CICERO TERESA'),(814,3,'benedetta.ancarola@gmail.com','ANCAROLA BENEDETTA'),(815,3,'carot88@hotmail.it','CAROTENUTO MARIO'),(816,3,'mary.9395@hotmail.it','ANDRISANO MARIANTONIETTA'),(817,3,'romans@hotmail.it','GREGNI FRANCESCA ROMANA'),(818,3,'castellaneta.laura@gmail.com','CASTELLANETA LAURA'),(819,3,'aga2004@virgilio.it','GIANNETTI GESSICA'),(820,3,'stefaniacirrito@yahoo.it','CIRRITO STEFANIA'),(821,3,'elisamanieri@hotmail.it','MANIERI ELISA'),(822,3,'info@studioenia.it','BELLINI VALENTINA'),(823,3,'ffineschisergardi@yahoo.it','FINESCHI SERGARDI FLAMINIA'),(824,3,'isabella_lucentini@hotmail.it','LUCENTINI ISABELLA'),(825,3,'patrizia.corradeschi@banca.mps.it','CORRADESCHI PATRIZIA'),(826,3,'m.lety@live.it','PARETI MARIA LETIZIA'),(827,3,'francaprati@yahoo.it','PRATTICHIZZO FRANCESCA'),(828,3,'giampiero.cito@milc.it','CITO GIAMPIERO'),(829,3,'criguasta@yahoo.it','GUASTAMACCHIA CRISTINA'),(830,3,'giambattista.pepe@email.it','PEPE GIAMBATTISTA'),(831,3,'sara-mazza@hotmail.it','MAZZA SARA'),(832,3,'irene.bartalucci@gmail.com','BARTALUCCI IRENE'),(833,3,'emily.cortigiani@gmail.com','CORTIGIANI EMILY'),(834,3,'c.fondelli@tin.it','FONDELLI CECILIA'),(835,3,'maura.capezzuoli@alice.it','CAPEZZUOLI MAURA'),(836,3,'irenemattei9@gmail.com','MATTEI IRENE'),(837,3,'mariannatoth@hotmail.com','TOTH MARIANE'),(838,3,'stefaniabonelli@libero.it','BONELLI STEFANIA'),(839,3,'clairejolie@hotmail.it','SIMONETTI CHIARA'),(840,3,'elisafabbri11@gmail.com','FABBRI ELISA'),(841,3,'elisadigoro@virgilio.it','DI GORO ELISA'),(842,3,'maria.voltolini@gmail.com','VOLTOLINI MARIA'),(843,3,'barbarossa@hotmail.it','BARBETTI EMANUELE'),(844,3,'cavicchioli.e@libero.it','CAVICCHIOLI ELISA'),(845,3,'ivocostanzo@alice.it','COSTANZO IVO'),(846,3,'vchellini@alice.it','DONAZZOLO GIUSTINA'),(847,3,'laura_amoroso@yahoo.it','AMOROSO LAURA'),(848,3,'graziano1204@hotmail.com','BALPINO GRAZIANO'),(849,3,'angelabenelli@alice.it','BENELLI ANGELA'),(850,3,'e.mariangelalongo@gmail.com','LONGO MARIANGELA'),(851,3,'stefaniacavallini8@gmail.com','CAVALLINI STEFANIA'),(852,3,'cavicchiolilaura.la@gmail.com','CAVICCHIOLI LAURA'),(853,3,'maria.durante@interno.it','DURANTE MARIA'),(854,3,'dndamelio@yahoo.it','D AMELIO DANIELE'),(855,3,'max_leoni@libero.it','LEONI MASSIMILIANO'),(856,3,'giorgiobotarelli@libero.it','PERI GILIALA'),(857,3,'sanfra.bagnai@comune.siena.it','BAGNAI SANDRA'),(858,3,'cinzia.der@gmail.it','DE ROSSI CINZIA'),(859,3,'luanaticci@hotmail.it','TICCI LUANA'),(860,3,'ambratic@hotmail.it','TICCI AMBRA'),(861,3,'luana.ruffo@gmail.com','RUFFO LUANA'),(862,3,'chiarap._89@hotmail.it','PELLEGRINI CHIARA'),(863,3,'luisella.franco@libero.it','FRANCO LUISELLA'),(864,3,'fridaseconda@alice.it','BINI SANDRO'),(865,3,'saldipuma@hotmail.com','DI PUMA SALVATORE'),(866,3,'brunomussari@libero.it','MUSSARI BRUNO'),(867,3,'a.battaglia@icloud.com','BATTAGLIA ALESSANDRA'),(868,3,'jgagliardi@libero.it','GAGLIARDI JANA'),(869,3,'giulia.guadalupi@libero.it','GUADALUPI GIULIA'),(870,3,'valle.raff@hotmail.it','VALLE RAFFAELLA'),(871,3,'elisatoti@hotmail.com','TOTI ELISA'),(872,3,'federica_zizzi@hotmail.it','ZIZZI FEDERICA'),(873,3,'l.vagellini@alice.it','VAGELLINI LORETTA'),(874,3,'simona.ruggieri@email.it','RUGGIERI SIMONA'),(875,3,'lisaokk-@hotmail.it','OCCHINI LISA'),(876,3,'ricciarella@hotmail.it','SORCE MARTA'),(877,3,'anapul@yahoo.it','MALESCI ALESSANDRA'),(878,3,'soniaboldr@gmail.com','BOLDRINI SONIA'),(879,3,'favilli.moni14@libero.it','FAVILLI MONICA'),(880,3,'criscolucci@libero.it','COLUCCIA CRISTINA'),(881,3,'verodicle@hotmail.it','DI CLEMENTE VERONICA'),(882,3,'giuliafogli74@yahoo.it','FOGLIA GIULIA'),(883,3,'anto.joy94@hotmail.it','GIOIA ANTONIO'),(884,3,'bertoldiilaria@libero.it','BERTOLDI ILARIA'),(885,3,'giommarelli@libero.it','GIOMMARELLI ROSSELLA'),(886,3,'cristina.borgogni@libero.it','BORGOGNI CRISTINA'),(887,3,'luca54@virgilio.it','MACCHIONI GIANLUCA'),(888,3,'sandra_donati@hotmail.it','DONATI SANDRA'),(889,3,'francesca_brunelli@yahoo.it','BRUNELLI FRANCESCA'),(890,3,'leonardo.doino@libero.it','DOINO LEONARDO'),(891,3,'dogg_style@hotmail.it','TENOLLI RED'),(892,3,'valemi2003@libero.it','CIONCOLINI VALENTINA'),(893,3,'mariafb@live.it','BICCI MARIA FRANCESCA'),(894,3,'cinziavoltolini@gmail.com','VOLTOLINI CINZIA'),(895,3,'ester_lillo@yahoo.it','LILLO ESTER'),(896,3,'dona18@email.it','BARI DONATELLA'),(897,3,'ilberre@libero.it','BERRETTINI FRANCESCO'),(898,3,'ilaria.senni@gmail.com','SENNI ILARIA'),(899,3,'bpagliai@gmail.com','PAGLIAI BEATRICE'),(900,3,'ilariabichi77@libero.it','BICHI ILARIA'),(901,3,'marina.lorenzi@alice.it','MICHELLI LORENZI MARINA'),(902,3,'stromillo@gmail.com','STROMILLO MARIA LAURA'),(903,3,'enzo.1988@hotmail.it','TIRALOSI VINCENZO ALDO'),(904,3,'colzaniluca75@gmail.com','COIZANI LUCA'),(905,3,'silviamart2000@gmail.com','MARTELLI SILVIA'),(906,3,'alina923@libero.it','SESTINI ALESSIA'),(907,3,'nicolabaldi@libero.it','BALDI NICOLA'),(908,3,'lorelabe@libero.it','FORCILLO MARIA LORENA'),(909,3,'birego@teletu.it','REGOLI BARBARA'),(910,3,'c.frolla@gmail.com','FROLLA CLAUDIA'),(911,3,'vittoria.caruso@hotmail.it','CARUSO VITTORIA'),(912,3,'silviapoggialini@hotmail.it','POGGIALINI SILVIA'),(913,3,'paola.mariotti@inwind.it','MARIOTTI PAOLA'),(914,3,'mariadisarno@gmail.com','DI SARNO MARIA'),(915,3,'agnese.magnani@unisi.it','MAGNANI AGNESE'),(916,3,'anvernillo@libero.it','VERNILLO AMATO NICCOLO'),(917,3,'simonemanganelli@virgilio.it','MANGANELLI SIMONE'),(918,3,'carta@studioespositocarta.it','CARTA FRANCA'),(919,3,'claudiobenzo@teletu.it','BENZO CLAUDIO'),(920,3,'chiaragongguan@gmail.com','GONG GUAN'),(921,3,'renzo.cambi@gmail.com','CAMBI RENZO'),(922,3,'formoso@hotmail.it','FORMOSO LUCA'),(923,3,'vannini.giulia@yahoo.it','VANNINI GIULIA'),(924,3,'minucci.roberta@libero.it','MINUCCI ROBERTA'),(925,3,'sabina.riccardelli@siae.it','RICCARDELLI SABINA'),(926,3,'lorena_ottaviani@virgilio.it','OTTAVIANI LORENA'),(927,3,'amato.andrea@virgilio.it','AMATO ANDREA'),(928,3,'claama87@hotmail.it','ESPOSITO CLAUDIA'),(929,3,'minielisabetta85@yahoo.it','MINI ELISABETTA'),(930,3,'idetta.scarpini@gmail.com','SCARPINI IDA MARIA'),(931,3,'massimo.fondelli@telenet.be','FONDELLI MASSIMO'),(932,3,'alvise.santangelo@gmail.com','SANTANGELO ALVISE'),(933,3,'a.fulminis@gmail.com','FULMINIS ANTONIETTA'),(934,3,'macinenticristiano@libero.it','MACINENTI CRISTIANO'),(935,3,'francesca.mondoinprimopiano@gmail.com','BRUNI FRANCESCA'),(936,3,'f.lisinibaldi@gmail.com','LISINI BALDI FILIPPO'),(937,3,'ferina9@gmail.com','FERI MARIO'),(938,3,'simonepichi@gmail.com','PICHI SIMONE'),(939,3,'vince.aronica@gmail.com','ARONICA VINCENZO'),(940,3,'riccardogalini@virgilio.it','GALINI RICCARDO'),(941,3,'ida.burza@live.it','BURZA IDA'),(942,3,'sandra@imballaggibernardi.it','PAPACCIVOLI SANDRA'),(943,3,'corrado9@gmail.com','MARIANELLI CORRADO'),(944,3,'fateme@inwind.it','BANISHOEIB FATEME'),(945,3,'danielaetrusca@gmail.com','BUSSAGLI DANIELA'),(946,3,'fantozzicaterina@libero.it','FANTOZZI CATERINA'),(947,3,'island8@libero.it','ARGILLI ALESSIA'),(948,3,'gnapina@hotmail.it','BORDONARO BRUNA'),(949,3,'vanda.amato@yahoo.it','AMATO VANDA'),(950,3,'matos0982@hotmail.com','MATOS JIMENEZ HECTOR JULIO'),(951,3,'pamelapanu.spinelli@gmail.com','SPINELLI PAMELA'),(952,3,'fmanenti2001@yahoo.it','MANENTI FEDERICA'),(953,3,'suss.biribissi@gmail.com','PANTER SANDRA'),(954,3,'francy.labarbera@yahoo.it','LA BARBERA FRANCESCA'),(955,3,'marilena.sansone@gmail.com','SANSONE MARILENA'),(956,3,'sergiolandi@libero.it','LANDI SERGIO'),(957,3,'lumig2510@hotmail.com','FARRO SANTISTEBAN MEDALY'),(958,3,'ilabracconeri@hotmail.com','BRACCONERI ILARIA'),(959,3,'latalpessa@hotmail.it','GRILLO UMANO'),(960,3,'giuseppebombaci@hotmail.com','BOMBACI GIUSEPPE'),(961,3,'am-eagle@live.com','BILLA ALBA'),(962,3,'maddy_go@hotmail.it','DI PAOLA MADDALENA'),(963,3,'franca.fantacci@libero.it','FANTACCI FRANCA'),(964,3,'ccapperucci@hotmail.com','CAPPERUCCI CATERINA'),(965,3,'antonellasfondrini@alice.it','SFONDRINI ANTONELLA'),(966,3,'marziaciofi@me.it','CIOFI MARZIA'),(967,3,'simone_cisco89@yahoo.it','ALBANO SIMONE'),(968,3,'anna.raffaelli@libero.it','RAFFAELLI ANNA'),(969,3,'joeplay@hotmail.it','URSO GIOVANNI'),(970,3,'coemra@yahoo.it','COE MAURO'),(971,3,'giudittaelissa@yahoo.it','GIUDITTA ELISSA'),(972,3,'gabripica@libero.it','PICA GABRIELE'),(973,3,'rossinigianluca1@yahoo.it','ROSSINI GIANLUCA'),(974,3,'mariaisabellabecchi@interfree.it','BECCHI MARIA ISABELLA'),(975,3,'bassael1@gmail.com','BASSANELLI ELISA'),(976,3,'beneventosilvia@libero.it','BENEVENTO SILVIA'),(977,3,'antlac@libero.it','LACARPIA ANTONIETTA'),(978,3,'letizia.degiorgi@yahoo.it','DE GIORGI LETIZIA'),(979,3,'mostardinirosa@gmail.com','MOSTARDINI ROSA'),(980,3,'ferrarioc@hotmail.it','FERRARIO CRISTIANA'),(981,3,'cyrylla@virgilio.it','PICCIONI COSTANZA'),(982,3,'antonella_pappalardo@alice.it','REATI ANTONELLA'),(983,3,'elena.rosini.52@alice.it','ROSINI ELENA'),(984,3,'marialuisacucci@libero.it','CUCCI MARIA LUISA'),(985,3,'paolofi@virgilio.it','FINELLI PAOLO'),(986,3,'larapaesano@libero.it','PAESANO LARA'),(987,3,'rosanna.di.pasquale@alice.it','DI PASQUALE ROSANNA'),(988,3,'davidtaddei@gmail.com','TADDEI DAVID'),(989,3,'caponicasa@alice.it','GALEAZZI RITA'),(990,3,'alfonsovitiello@gmail.com','VITIELLO ALFONSO'),(991,3,'simone357@hotmail.it','ESPOSITO SIMONE'),(992,3,'edra_86@yahoo.it','HALIT EDRA'),(993,3,'sv.errico@usl11.tos.it','ERRICO ENZA'),(994,3,'garosi@martagarosi.it','GAROSI MARTA'),(995,3,'info@lavela.it','DAPO PIERLUIGI'),(996,3,'giada_riccardi@msn.com','RICCARDI GIADA'),(997,3,'antonio.me@teletu.it','MESCE ANTONIO'),(998,3,'maria.m59@alice.it','MARTINES MARIA'),(999,3,'calygio@virgilio.it','CALIENDO GIOVANNA'),(1000,3,'onofri_francesca@libero.it','ONOFRI FRANCESCA'),(1001,3,'vicolomorgana@gmail.com','BIZZARRI FABIO'),(1002,3,'stefaniamazza85@hotmail.it','MAZZA STEFANIA'),(1003,3,'lavinia08@libero.it','GUIDO LAVINIA'),(1004,3,'martinacagnazzo1987@libero.it','CAGNAZZO MARTINA'),(1005,3,'altera55@libero.it','FORZANTI PAOLA'),(1006,3,'amandaniccoli@gmail.com','NICCOLI AMANDA'),(1007,3,'monicabarbafiera@hotmail.com','BARBAFIERA MONICA'),(1008,3,'mtans19@gmail.com','TANSINI MARCO'),(1009,3,'chiara.cifoni@gmail.com','CIFONI CHIARA'),(1010,3,'clamar100@gmail.com','MARANGON CLAUDIO'),(1011,3,'patmag52@libero.it','MAGGIORELLI PATRIZIA'),(1012,3,'info@studiocommercialecastellano.it','CASTELLANO GRAZIA PIA'),(1013,3,'gaetano.bonelli85@alice.it','BONELLI GAETANO'),(1014,3,'mancio-89@libero.it','MANCINI ALESSANDRO'),(1015,3,'barbvalt@gmail.com','FUCECCHI VALTER'),(1016,3,'rosangela.grieco@hotmail.it','GRIECO ROSANGELA'),(1017,3,'f.capannini@gmail.com','CAPANNINI FRANCESCO'),(1018,3,'cencina@alice.it','CENCINI ANNA'),(1019,3,'lucaterrosi@libero.it','TERROSI LUCA'),(1020,3,'marfilo2005@yahoo.it','FRANCINI MARIA FILOMENA'),(1021,3,'romanomonaldi@gmail.com','MONALDI ROMANO'),(1022,3,'massipicconi@hotmail.it','PICCONI MASSIMILIANO'),(1023,3,'camilla.trapassi@virgilio.it','TRAPASSI CAMILLA'),(1024,3,'simoneroatti@hotmail.it','ROATTI SIMONE'),(1025,3,'paburron@tin.it','BURRONI PAOLO'),(1026,3,'marcellina1987@virgilio.it','PROVENZANO MARCELLA'),(1027,3,'info@esserebenessere.com','ROMANELLO MARIAROSA'),(1028,3,'tulia72@yahoo.it','MARZUCCHI CAMILLA'),(1029,3,'pisanimessina@alice.it','MESSINA CECILIA'),(1030,3,'ma.cammelli@gmail.com','CAMMELLI MARIA'),(1031,3,'parruccaio@hotmail.it','CARNASCIALI DAVID'),(1032,3,'leonardo.becarelli@gmail.com','BECARELLI LEONARDO'),(1033,3,'margherita.cuomo@student.unisi.it','CUOMO MARGHERITA'),(1034,3,'salvucci.luciana@libero.it','SALVUCCI LUCIANA'),(1035,3,'viavetrano@tiscali.it','COSENZA MARIANO'),(1036,3,'valentinaiuliana1984@gmail.com','PASCARU VALENTINA'),(1037,3,'nnandofernandes@hotmail.com','FERNANDES FERNANDO'),(1038,3,'cinzia.marini@aol.it','MARINI CINZIA'),(1039,3,'giordanart1@gmail.com','GUERCINI GIORDANO'),(1040,3,'tono@cybermarket.it','DE SIENA FRANCO'),(1041,3,'lorenzini.michele@yahoo.it','LORENZINI MICHELE'),(1042,3,'stefano.bianchi@axa-mps.it','BIANCHI STEFANO'),(1043,3,'eliomanfredi@yahoo.it','MANFREDI ELIO'),(1044,3,'annalisa.angelini@alice.it','ANGELINI ANNALISA'),(1045,3,'mariangela.angel66@alice.it','ANGELINI MARIANGELA'),(1046,3,'patrizia@lamannella.it','VIGNI PATRIZIA'),(1047,3,'maura.bondi@mps.it','BONDI MAURA'),(1048,3,'luisabartolomei@tiscali.it','BARTOLOMEI LUISA'),(1049,3,'cristianacampoccia@alice.it','CAMPOCCIA CRISTIANA'),(1050,3,'debora.civai@virgilio.it','CIVAI DEBORA'),(1051,3,'nora.giordano@gmail.com','GIORDANO NORA'),(1052,3,'fausto.rugini@gmail.com','RUGINI FAUSTO'),(1053,3,'clary84@hotmail.it','PETRI CLARISSA'),(1054,3,'tombuzz@libero.it','BUZZEGOLI TOMMASO'),(1055,3,'tizianamoggi@gmail.com','MOGGI TIZIANA'),(1056,3,'tabaccheriaguideri@yahoo.it','GUIDERI DANIELA'),(1057,3,'giodisanto@hotmail.it','DI SANTO GIUSEPPE'),(1058,3,'simnot@hotmail.it','NOTA SIMONE'),(1059,3,'chiara.sperti@libero.it','SPERTI CHIARA'),(1060,3,'vicosenarum@hotmail.com','DI GIOIA CHIARA'),(1061,3,'dr.laura@hotmail.it','DRAGONI LAURA'),(1062,3,'violaricci@hotmail.it','RICCI VIOLA'),(1063,3,'robertocuomo@outlook.com','CUOMO ROBERTO'),(1064,3,'angeluzzo.z@libero.it','ZODA ANGELO'),(1065,3,'guernica@hotmail.it','BENEDETTINI ANTON FRANCESCO'),(1066,3,'roberto.rettori@unipg.it','RETTORI ROBERTO'),(1067,3,'prpmnt@hotmail.it','MONTI PIETROPAOLO'),(1068,3,'franchi.p@tin.it','FRANCHI PAOLO'),(1069,3,'mulatto.marta@yahoo.it','MULATTO MARTA'),(1070,3,'stefaniamargiacchi@hotmail.it','MARGIACCHI STEFANIA'),(1071,3,'monica.galassi@yahoo.it','GALASSI MONICA'),(1072,3,'francescamarchetti71@yahoo.it','MARCHETTI FRANCESCA'),(1073,3,'pesco.ale@libero.it','PESCOSOLIDO ALESSANDRO'),(1074,3,'cinziabuccianti@yahoo.it','BUCCIANTI CINZIA'),(1075,3,'info@agrituristsiena.com','MATERONI FABIOLA'),(1076,3,'ilariabiagi@hotmail.it','BIAGI ILARIA'),(1077,3,'danielamercurivet@gmail.com','MERCURI DANIELA'),(1078,3,'nesi.ilaria@gmail.com','NESI ILARIA'),(1079,3,'info@vivalasposasiena.it','TEUCCI ILARIA'),(1080,3,'giuli.lamantia@gmail.com','LA MANTIA GIULIA'),(1081,3,'kejda23@yahoo.it','DAKA KEJDA'),(1082,3,'gipetruccioli@gmail.com','PETRUCCIOLI GIULIA'),(1083,3,'tiganifrancesco@msn.com','TIGANI FRANCESCO'),(1084,3,'leonardo.cencioni@alice.it','ESPOSITO SABRINA'),(1085,3,'veropoggi@hotmail.it','BERNARDINI VERONICA'),(1086,3,'galganifamily@gmail.com','FRAGOMENI MARIAVITTORIA'),(1087,3,'f.apolloni@libero.it','APOLLONI FRANCESCA'),(1088,3,'alessirene983@gmail.com','ALESSI IRENE'),(1089,3,'janetdenardis@gmail.com','DE NARDIS JANET'),(1090,3,'filomenagiannotti@gmail.com','GIANNOTTI FILOMENA'),(1091,3,'annina99@hotmail.it','CICIGAI ANNA'),(1092,7,'giuliasensi@hotmail.it','SENSI GIULIA'),(1093,7,'luciano.meoni@alice.it','MEONI LUCIANO'),(1094,7,'elfuerte1510@hotmail.com','PERATTA VASQUEZ MELVIN MIGUEL'),(1095,7,'michele.casalis@alice.it','CASALIS MICHELE'),(1096,7,'g.frosolini@yahoo.it','FROSOLINI GIOVANNI'),(1097,7,'daniele.scapigliati@alice.it','SCAPIGLIATI DANIELE'),(1098,7,'serena.g1@virgilio.it','GUERRI SERENA'),(1099,7,'azzurraferi@alice.it','FERI AZZURRA'),(1100,7,'lola.14@hotmail.it','GRECO ANNALISA'),(1101,7,'carmensoniamesiano@gmail.com','MESIANO CARMEN SONIA'),(1102,7,'renata.pucci@easymarketcrs.it','PUCCI RENATA'),(1103,7,'cristiano.sergio@libero.it','SERGIO CRISTIANO'),(1104,7,'massi_frascogna@alice.it','FRASCOGNA MASSIMILIANO'),(1105,7,'g_frascogna@alice.it','FRASCOGNA GIANLUCA'),(1106,7,'facchi.arianna@gmail.com','FACCHI ARIANNA'),(1107,7,'mpgiovannetti@alice.it','GIOVANNETTI M.PATRIZIA'),(1108,7,'strucheldavide@gmail.com','STRUCHEL DAVIDE'),(1109,7,'info@igabbianicastiglione.com','MUCCI FRANCESCA'),(1110,7,'fabrizio.tiberi@libero.it','TIBERI FABRIZIO'),(1111,7,'papide@libero.it','RALLO GIANNINI IDELMA'),(1112,7,'headcutter@virgilio.it','ROSSI PAOLA'),(1113,7,'gc.zaratti@libero.it','TERRACINA SILVANA'),(1114,7,'felice_giannini@libero.it','GIANNINI FELICE'),(1115,7,'renato.salami@gmail.com','SALAMI RENATO'),(1116,7,'kiarina21@gmail.com','MORONI CHIARA'),(1117,7,'patriziabruni@live.it','BRUNI PATRIZIA'),(1118,7,'carlobarsotti@libero.it','BARSOTTI CARLO'),(1119,7,'fabrizio.ghiandai@gmail.com','GHIANDAI FABRIZIO'),(1120,7,'bernini.ceccarelli@libero.it','BERNINI GIULIO'),(1121,7,'dianina2006@hotmail.it','DIOFEBI DIANA'),(1122,7,'alessandra.luisi@gmail.com','CERASA ALESSANDRA'),(1123,7,'rosaliavallone@gmail.com','VALLONE ROSALIA'),(1124,7,'teresa.giani@gmail.com','GIANI TERESA'),(1125,7,'lp_cd@hotmail.it','PIERINI ENZO'),(1126,7,'vavanno@tin.it','GETTATELLI MARIA LETIZIA'),(1127,7,'bajerova@libero.it','BAJEROVA ANDREA'),(1128,7,'arianna.mangani@gmail.com','MANGANI ARIANNA'),(1129,7,'alovittorio@tiscali.it','ALOCCI VITTORIO'),(1130,7,'mastrogep@yahoo.it','DI BITONTO CRISTIANA'),(1131,7,'urbanproject@libero.it','LOMBARDO TERESA'),(1132,7,'ritatantulli@gmail.com','TANTULLI RITA'),(1133,7,'studioveglianti@alice.it','VEGLIANTI FRANCESCA'),(1134,7,'trombinimose@alice.it','LEONE MICHAELA'),(1135,7,'lr65poste@gmail.com','RAFFI LAURA'),(1136,7,'info@parafarmaciamarsili.com','MARSILI LAURA'),(1137,7,'mariapia.giuliattini@yahoo.it','GIULIATTINI MARIA PIA'),(1138,7,'tringali.81@gmail.com','FAMA TRINGALI ELISA'),(1139,7,'g.gabri@me.com','GALLI GABRIELLA'),(1140,7,'schianopriscilla@gmail.com','SCHIANO PRISCILLA'),(1141,7,'betty1210@virgilio.it','FUSI ELISABETTA'),(1142,7,'christinadrews@yahoo.de','DREWS CHRISTINA'),(1143,7,'mavicinti@libero.it','CINTI M. VIRGINIA'),(1144,7,'lidia.kulesza@rotta.com','KULESZA LIDIA'),(1145,7,'beatrice.miliani@libero.it','MILIANI BEATRICE'),(1146,7,'testini@alice.it','BRONZI MARISA'),(1147,7,'fulvia.orsini@libero.it','ORSINI FULVIA'),(1148,7,'avv.stellascarnicci@gmail.com','SCARNICCI STELLA'),(1149,7,'ediliagest@tiscali.it','PANDOLFI ALLEGRA'),(1150,7,'luciaprovvedi@hotmail.it','PROVVEDI LUCIA'),(1151,7,'rlollo@studiolollo.it','LOLLO ROSANNA'),(1152,7,'giulianibeatrice@virgilio.it','GIULIANI BEATRICE'),(1153,7,'serena.bertaccini@alice.it','BERTACCINI SERENA'),(1154,7,'beina95@hotmail.it','TAMAGNONE BEATRICE'),(1155,7,'robydav@alice.it','DAVERI ROBERTA'),(1156,7,'r.casarelli@alice.it','CASARELLI ROBERTO'),(1157,7,'maria.lualdi@alice.it','LUALDI MARIA'),(1158,7,'smnbrnd@tiscali.it','CHIOSTRINI SIMONA'),(1159,7,'anna.macolino@gmail.com','MACOLINO ANNA'),(1160,7,'peckissimo@hotmail.it','PERGOLA PAOLO'),(1161,7,'francesco.centamori@me.com','CENTAMORI FRANCESCO'),(1162,7,'barbara.falconi@alice.it','FALCONI BARBARA'),(1163,7,'losquass@libero.it','SQUASSONI LORENZO'),(1164,7,'rossellaficini@gmail.com','FICINI ROSSELLA'),(1165,7,'emanuelelucchesi@yahoo.it','LUCCHESI EMANUELE'),(1166,7,'gune86@hotmail.com','CAPPELLETTI MARTINA'),(1167,7,'bernax3@inwind.it','BERNARDI LORETTA'),(1168,7,'benedetta.baciucco@alice.it','BACIUCCO BENEDETTA'),(1169,7,'ottavia.gianni@gmail.com','GIANNI OTTAVIA'),(1170,7,'guglielmo.montesi@gmail.com','MONTESI GUGLIELMO'),(1171,7,'cristina.checcacci@gmail.com','CHECCACCI CRISTINA'),(1172,7,'vimifravla@gmail.com','IERVOLINO VIVIANA'),(1173,7,'dovrsandra@yahoo.fr','SCRIBANO SANDRA'),(1174,7,'vi.virgy@hotmail.it','CORSI ALESSANDRA'),(1175,7,'laura.nicolini@iss.it','NICOLINI LAURA'),(1176,7,'varenne91@yahoo.it','SANTI ALESSANDRO'),(1177,7,'giovanna.abbiati@tiscali.it','ABBIATI GIOVANNA'),(1178,7,'mpicchi@virgilio.it','PICCHI MASSIMILIANO'),(1179,7,'tello@email.it','PRATI DONATELLO'),(1180,7,'clborghi@libero.it','BORGHI CLAUDIA'),(1181,7,'valedemu@supereva.it','DE MUNARI VALENTINA'),(1182,7,'silvanadericcardis@alice.it','DE RICCARDIS SILVANA'),(1183,7,'boricchiri@libero.it','RUSTICI GIULIA'),(1184,7,'presnaytak@gmail.com','PRESNYAKOVA EKATERINA'),(1185,7,'valeria.borghi@email.it','BORGHI VALERIA'),(1186,7,'sara.calcante@crs.lombardia.it','CALCANTE SARA'),(1187,7,'tarannataia@gmail.com','TARAN NATALIA'),(1188,7,'federica_v@msi.com','VALLESE FEDERICA'),(1189,7,'giannoni.roberta@libero.it','GIANNONI ROBERTA'),(1190,7,'platania@slvb.it','PLATANIA MASSIMO'),(1191,7,'simona@2ci.it','CAPOCCHI SIMONA'),(1192,7,'casagrizi@gmail.com','VINCIGUERRA FLAVIA'),(1193,7,'leonardo.simeoni@gmail.com','SIMEONI LEONARDO'),(1194,7,'agoretti@manzoni.it','GORETTI ANTONELLA'),(1195,7,'avv.angelacasini@virgilio.it','CASINI ANGELA'),(1196,7,'roberta_rachini@virgilio.it','RACHINI ROBERTA'),(1197,7,'chiara@bonocchi.it','BONI CHIARA'),(1198,7,'antichissimo@wanadoo.fr','CAPPUZZO GIANMARCO'),(1199,7,'margheritamariani@hotmail.it','MARTELLI ROSSANA'),(1200,7,'giovannadf@gmail.com','DALLA FRANCESCA MARIA GIOVANNA'),(1201,7,'claudiapianigiani@gmail.com','PIANIGIANI CLAUDIA'),(1202,7,'vivi_1991@hotmail.it','ALESSANDRI VIRGINIA'),(1203,7,'michelebin@alice.it','BINDI MICHELE'),(1204,7,'jessica.quadalti@tiscali.it','QUADALTI JESSICA'),(1205,7,'castellani.franca@teletu.it','CASTELLANI FRANCA'),(1206,7,'glendaghioldi@yahoo.it','GHIOLDI GLENDA'),(1207,7,'nicola.negri@gmail.com','NEGRI NICOLA'),(1208,7,'titti2306@gmail.com','PIERANGELI TIZIANO'),(1209,7,'ideal@hotmail.it','LOCARDI CHIARA'),(1210,7,'alsabatini@alice.it','SABATINI ANNALUISA'),(1211,7,'canossi.b@gmail.com','CANOSSI BARBARA'),(1212,7,'squalomanuel@email.it','BARRACO MANUEL'),(1213,7,'cesarinimonica@libero.it','CESARINI MONICA'),(1214,7,'louise@madebymade.it','FERRAGAMO LOUISE'),(1215,7,'mulifrance@tin.it','MULINACCI FRANCESCO'),(1216,7,'silvia.tognazzi@libero.it','TOGNAZZI SILVIA'),(1217,7,'ramo1000@libero.it','CUCCHI RAMONA GIULIA'),(1218,7,'giuliasantini@hotmail.co.uk','SANTINI GIULIA'),(1219,7,'abigaleaddams@yahoo.it','LANZI CLAUDIA'),(1220,7,'mauro.nistri@virgilio.it','NISTRI MAURO'),(1221,7,'chicca.monti@hotmail.it','MONTI FEDERICA'),(1222,7,'roberta.morrocchi@tin.it','MORROCCHI ROBERTA'),(1223,7,'pat.termini@libero.it','TERMINI PATRIZIA'),(1224,7,'damilli@alice.it','CATUCCI MILENA'),(1225,7,'marikafiscaletti@alice.it','FISCALETTI MARIKA'),(1226,7,'borz97@libero.it','BORZISE LUDOVICA'),(1227,7,'mickey.leni@gmail.com','CAPUANO LORIS'),(1228,7,'mariagrazia.paturzo@libero.it','PATURZO MARIAGRAZIA'),(1229,7,'edoardotorre@libero.it','AVINCOLA FIORELLA'),(1230,7,'camillabartoli@alice.it','BARTOLI CAMILLA'),(1231,7,'elenap769@gmail.com','PARRONCHI ELENA'),(1232,7,'mazzarello@email.it','MAZZARELLO MICHELE'),(1233,7,'antonellabbate@gmail.com','ABBATE ANTONELLA'),(1234,7,'nonnagiovi@alice.it','VERNI GIOVANNA'),(1235,7,'cristiano.bernasconi@sunrise.ch','BERNASCONI CRISTIANO'),(1236,7,'fapet@email.it','PETITO FABIOLA'),(1237,7,'giada.lullini@hotmail.it','LULLINI GIADA'),(1238,7,'praxis-russ@+-online.de','RUSS ANNETTE'),(1239,7,'signoriniangela439@gmail.com','SIGNORINI ANGELA'),(1240,7,'onofrifiorella@libero.it','ONOFRI FIORELLA'),(1241,7,'andre_oldrini@hotmail.it','OLDRINI ANDREA'),(1242,7,'f.gori@iltirreno.it','GORI FRANCESCA'),(1243,7,'fpellegrino@gmail.com','PELLEGRINO FRANCESCO'),(1244,7,'mm_marilu@katamail.com','MORELLINI MARISTELLA'),(1245,7,'marzi1@alice.it','LORINI MARZIA'),(1246,7,'bibbi2002_it@yahoo.it','CRUCIANI LAURA'),(1247,7,'ale.ciri@alice.it','CECCARELLI ALESSANDRO'),(1248,7,'valentina.tosi78@gmail.com','TOSI VALENTINA'),(1249,7,'irene.buzzegoli@istruzione.it','BUZZEGOLI IRENE'),(1250,7,'valelandia@infinito.it','VENTA VALENTINO'),(1251,7,'almalauria@hotmail.com','AMENDOLA ALMA'),(1252,7,'marco_ciani89@hotmail.it','CIANI MARCO'),(1253,7,'fricci76@gmail.com','RICCI FEDERICO'),(1254,7,'delfino_13@libero.it','DEL BIANCO ENZO'),(1255,7,'federica.sartini@novartis.com','SARTINI FEDERICA'),(1256,7,'cinzia.maestrini@tin.it','MAESTRINI CINZIA'),(1257,7,'giacomoalgeri@gmail.com','SALVASCO MARIOLINA'),(1258,7,'francescabigagli@libero.it','BIGAGLI FRANCESCA'),(1259,7,'furrbo@tiscali.it','BERNABEI SIMONA'),(1260,7,'stefano.minocci@alice.it','MINOCCI STEFANO'),(1261,7,'ilvotapentole@gmail.com','ZOI MONICA'),(1262,7,'ruggero@assistudiolauria.it','LAURIA RUGGIERO'),(1263,7,'elenanappi@katamail.com','NAPPI ELENA'),(1264,7,'saraciastellardi@gmail.com','CIASTELLARDI SARA'),(1265,7,'danielepapi@hotmail.it','PAPI DANIELE'),(1266,7,'moravatopollaj@gmail.com','TOPOLLAJ MORAVA'),(1267,7,'massimilianomagrini@alice.it','MAGRINI MASSIMILIANO'),(1268,7,'roberta57.m@gmail.com','MANGIARACINA ROBERTA'),(1269,7,'osben@msn.com','BENNATI OSVALDO'),(1270,7,'tiztocco@tin.it','TOCCO TIZIANA'),(1271,7,'soniaandrei@alice.it','ANDREI SONIA'),(1272,7,'alic1992@hotmail.it','VITI ALICE'),(1273,7,'valentina.crepaz@gmail.com','CREPAZ VALENTINA'),(1274,7,'gildalondini@libero.it','LONDINI GILDA'),(1275,7,'isabellapicciafuochi@virgilio.it','PICCIAFUOCHI ISABELLA'),(1276,7,'luanamz@alice.it','MAGAZZINI LUANA'),(1277,7,'stefy.maxximo@alice.it','TOMAINI STEFANIA'),(1278,7,'rita.damiani62@gmail.com','DAMIANI RITA'),(1279,7,'luca@bojola.com','BOJOLA LUCA'),(1280,7,'annamarga@email.it','MARGARITO ANNA'),(1281,7,'serenella@polverini.cc','POLVERINI SERENELLA'),(1282,7,'rita.olmi@hotmail.it','OLMI RITA'),(1283,7,'menoni.valentina@libero.it','MENONI VALENTINA'),(1284,7,'lausergio49@gmail.com','LAURIA SERGIO'),(1285,7,'ginevra.t@libero.it','TOMASI GINEVRA'),(1286,7,'gioele1@libero.it','MAZZI ALESSANDRA'),(1287,7,'elisapisani.sai@libero.it','PISANI ELISA'),(1288,7,'demichele07@gmail.com','DEMICHELE LAURA'),(1289,7,'mauro.rullo@alice.it','BRILLI MAURIZIA'),(1290,7,'edylm67@alice.it','LA MANTIA EDY'),(1291,7,'fabrizio.dezolt@tiscali.it','DE ZOLT FABRIZIO'),(1292,7,'modestip@gmail.com','MODESTI PATRIZIA'),(1293,7,'livero.jody@libero.it','LIVERO JODY'),(1294,7,'amattu@hotmail.it','MATTU ANNA'),(1295,7,'pardinidesign@gmail.com','PARDINI FRANCO'),(1296,7,'stefirusso@fastwebmail.it','RUSSO STEFANIA'),(1297,7,'a.menconi85@gmail.com','MANCONI ANDREA'),(1298,7,'ale.pecchioli@gmail.com','PECCHIOLI ALESSANDRA'),(1299,7,'susy.71@hotmail.it','SALVADORI SUSANNA'),(1300,7,'francescacini@gmail.com','CINI FRANCESCA'),(1301,7,'s.mechini@libero.it','MECHINI SARA'),(1302,7,'laura54m@yahoo.com','MATTEUCCI LAURA'),(1303,7,'f.sartor@niceforyou.com','LA ROCCA CATERINA'),(1304,7,'rossellasecci@alice.it','SECCI ROSSELLA'),(1305,7,'sofiapaoli@hotmail.it','PAOLI SOFIA'),(1306,7,'dauria.antonio@hotmail.com','DAURIA ANTONIO'),(1307,7,'sol.nuevo@libero.it','QUILALEO ISABELLA'),(1308,7,'chiara.salvadori@libero.it','SALVADORI CHIARA'),(1309,7,'renatasartori@gmail.it','SARTORI RENATA'),(1310,7,'matteopasseri@gmail.com','PASSERI MATTEO'),(1311,7,'direzione@cencicostruzioni.it','CENCI SIMONE'),(1312,7,'nnmrmn@yahoo.it','MEARINI ANNAMARIA'),(1313,7,'dgrisalli@libero.it','CRISALLI DANIELE'),(1314,7,'adcastiglione@hotmail.com','PETRINI SARAH'),(1315,7,'marianovella.rangoni@email.it','RANGONI MARIA NOVELLA'),(1316,7,'gcalgo@gmail.com','CALIUMI GUALTIERO'),(1317,7,'bozzilorenzo@libero.it','BOZZI LORENZO'),(1318,7,'ladatro@yahoo.com','LADATRO NATALIA'),(1319,7,'fattori.david@libero.it','FATTORI DAVID'),(1320,7,'cristiana.facco@gmail.com','FACCO CRISTIANA'),(1321,7,'babocelli@hotmail.it','BOCELLI BARBARA'),(1322,7,'cristinabevilacqua4@virgilio.it','BEVILACQUA CRISTINA'),(1323,7,'stefano.divecchio@gmail.com','DI VECCHIO STEFANO'),(1324,7,'s.etta@tin.it','PENNACCHIO SIMONETTA'),(1325,7,'guerrinidebora@alice.it','GUERRINI DEBORA'),(1326,7,'warrior845g@libero.it','GUARNIERI MARIA'),(1327,7,'10873@agenzieunipolassicurazioni.it','BALDASSARRI PAOLO'),(1328,7,'brothel@me.com','BROTHEL MAURO'),(1329,7,'ceciliaseveri@yahoo.it','SEVERI CECILIA'),(1330,7,'fabiosili@alice.it','SILI FABIO'),(1331,7,'s.passaponti@yahoo.it','PASSAPONTI SUSANNA'),(1332,7,'fiulianobacchetta@alice.it','BACCHETTA GIULIANO'),(1333,7,'maffeis.natural@libero.it','MAFFEIS MATTEO'),(1334,7,'francesca@rotellini.com','ROTELLINI FRANCESCA'),(1335,7,'mirko.giovani@hotmail.it','GIOVANI MIRKO'),(1336,7,'famigliazarotti@libero.it','BOCCACCI MADDALENA'),(1337,7,'simrafan@tin.it','RAFANELLI SIMONA'),(1338,7,'virgi.allegra@hotmail.it','DONNINI VIRGINIA'),(1339,7,'eli16594@gmail.com','BURTSEVA ELIZAVETA'),(1340,7,'filofrancy13@hotmail.it','MINUCCI FRANCESCA'),(1341,7,'moniacastiglioni@libero.it','CASTIGLIONI MONIA'),(1342,7,'roberto.macconi@virgilio.it','MACCONI ROBERTO'),(1343,7,'maletti.milvia@libero.it','RUSTICHELLI MILVIA'),(1344,7,'francesca.todaro@gmail.com','TODARO FRANCESCA'),(1345,7,'flaviamen@hotmail.it','MENICACCI FLAVIA'),(1346,7,'gisalu@infinito.it','LUCCHESE GISELLA'),(1347,7,'carl.manc@libero.it','MANCINI CARLA'),(1348,7,'c.gregoratti@autolarotonda.it','GREGORATTI COSTANZA'),(1349,7,'giu.niccolai@gmail.com','NICCOLAI GIULIA'),(1350,7,'claudia.galanti@libero.it','GALANTI CLAUDIA'),(1351,7,'elisa.riforgiato93@gmail.com','RIFORGIATO ELISA'),(1352,7,'carfora.daniele@gmail.com','CARFORA DANIELE'),(1353,7,'casini@usa.net','CASINI LEONARDO'),(1354,7,'andreacamici@gmail.com','CAMICI ANDREA'),(1355,7,'francesca_zanoboni@hotmail.com','ZANOBONI FRANCESCA'),(1356,7,'sandra.mattii@virgilio.it','MATTII SANDRA'),(1357,7,'filippo.presenti@alice.it','PRESENTI FILIPPO'),(1358,7,'yleniadima@yahoo.it','DIMA YLENIA'),(1359,7,'vanessaballoni70@gmail.com','BALLONI VANESSA'),(1360,7,'valeria.palminteri@libero.it','PALMINTERI VALERIA'),(1361,7,'elenoire80@gmail.com','FRANCIA ELEONORA'),(1362,7,'sandra_cozzitorto@yahoo.it','CHERUBINI JONNY'),(1363,7,'bcivitelli@gmail.com','CIVITELLI BARBARA'),(1364,7,'alessandra.carretta1@alice.it','CARRETTA ALESSANDRA'),(1365,7,'ciavam88@gmail.com','CIAVARELLA MONICA'),(1366,7,'ilariamincuzzi@gmail.com','MINCUZZI ILARIA'),(1367,7,'giosipozzi.pittrice@gmail.com','GIULIANI GIOSI'),(1368,7,'ferraroelisa@tiscali.it','FERRARO ELISA'),(1369,7,'laralanza@alice.it','LANZA LARA'),(1370,7,'finescrivani@yahoo.it','FINESCHI SCRIVANI FRANCESCA'),(1371,7,'filippoalessi1984@libero.it','ALESSI FILIPPO'),(1372,7,'antonietta.iorio@tiscali.it','SPUNTONI ANTONIETTA'),(1373,7,'pacinotti@interfree.it','PACINOTTI LORENA'),(1374,7,'valefocard@gmail.com','FOCARDI VALENTINA'),(1375,7,'stulrx@virgilio.it','TULLI STEFANO'),(1376,7,'buoncristianiangela@me.com','BUONCRISTIANI ANGELA'),(1377,7,'giulina.ferri@gmail.com','FERRI GIULIA'),(1378,7,'d.albissi@virgilio.it','ALBISSI DOMINGA'),(1379,7,'alessia.bonucci@alice.it','BONUCCI ALESSIA'),(1380,7,'sabatucci.chiara@tiscali.it','SABATUCCI CHIARA'),(1381,7,'alessandroancilli@yahoo.it','ANCILLI ALESSANDRO'),(1382,7,'aurora.sodini@tin.it','SODINI AURORA'),(1383,7,'sofia.sara@tiscali.it','BENCINI SOFIA'),(1384,7,'gballarani@libero.it','BALLARANI GIORGIA'),(1385,7,'serele68@gmail.com','VOLPI SERENA'),(1386,7,'ioanamusescu@yahoo.com','MUSESCU IOANA'),(1387,7,'jessicatisterelli@hotmail.it','TISTARELLI JESSICA'),(1388,7,'violagraziosi@ied.edu','GRAZIOSI VIOLA'),(1389,7,'carbovaro64@tiscali.it','ROSI CLAUDIA'),(1390,7,'barbara.biagini@fiora.it','BIAGINI BARBARA'),(1391,7,'michelacavaciocchi@virgilio.it','CAVACIOCCHI MICHELA'),(1392,7,'p.benedetta@hotmail.it','PACENTI BENEDETTA'),(1393,7,'pierannam@alice.it','FRUGGIERO ANNAMARIA'),(1394,7,'igna.p.85@hotmail.it','DINOTO GRAZIA'),(1395,7,'r.decamelis@studiolegaledecamelis.it','DECAMELIS RAFFAELLA'),(1396,7,'simozac@yahoo.it','ZACCHEI SIMONA'),(1397,7,'saveric80@gmail.com','RICCUCCI SAVERIO'),(1398,7,'a.buonavia@hotmail.it','BUONAVIA ALESSANDRA'),(1399,7,'ele.fommei@gmail.it','FOMMEI ELENA'),(1400,7,'sergiangre@virgilio.it','GIANGREGORIO GIULIA'),(1401,7,'mantelli_mauro@yahoo.it','MANTELLI MAURO'),(1402,7,'afarisei@firenze.cna.it','FARISEI ALESSANDRO'),(1403,7,'m_piazzini@libero.it','PIAZZINI MARCO'),(1404,7,'l.pacciani@alice.it','PACCIANI LEONARDO'),(1405,7,'f.soffici@alice.it','SOFFICI FILIPPO'),(1406,7,'gczaratti@libero.it','BRUNI SILVANA'),(1407,7,'francesco.bonini@hotmail.it','BONINI FRANCESCO'),(1408,7,'laiapier@alice.it','PASTORELLI CLAUDIA'),(1409,7,'casabag@alice.it','LABONIA OLGA'),(1410,7,'bsgloria@hotmail.com','BONACANI GLORI'),(1411,7,'simonaperillo76@hotmail.com','PERILLO SIMONA'),(1412,7,'marioanne@alice.it','ANNECCHIARICO MARIO'),(1413,7,'perna.antonella@gmail.com','PERNA ANTONIETTA'),(1414,7,'martina.bidini@virgilio.it','BIDINI MARTINA'),(1415,7,'alfio@ferramentamancini.it','LARI ALFIO'),(1416,7,'penelopeulisse@gmail.com','LEONCINI LORENZA'),(1417,7,'mirtaserenari@hotmail.it','SERENARI MIRTA'),(1418,7,'sforzi.a@libero.it','SFORZI ANDREA'),(1419,7,'marcopelletti66@gmail.com','PELLETTI MARCO'),(1420,7,'lucia_bellandi@yahoo.it','BELLANDI LUCIA'),(1421,7,'sary80@hotmail.it','MAGLIOZZI SARA'),(1422,7,'elena83_@hotmail.it','BINDI ELENA'),(1423,7,'georgiatornolo@aol.com','TORNOLO GIORGIA'),(1424,7,'pamela@serraiola.it','LENZI PAMELA'),(1425,7,'rotellini@geacom.com','ROTELLINI SANDRA'),(1426,7,'agriturismo@ilpalazzo.toscana.it','DE SABBATA ISABELLA'),(1427,7,'anna@toscana.com','BORELLI ANNA'),(1428,7,'ferri.francesca@gmail.com','FERRI FRANCESCA'),(1429,7,'morenofattoi@inwind.it','FATTOI MORENO'),(1430,7,'aletesti02@gmail.com','TESTI ALESSANDRA'),(1431,7,'vascobeghetti@hotmail.com','BEGHETTI VASCO'),(1432,7,'lucia.senni@hotmail.it','SENNI LUCIA'),(1433,7,'gioia.burroni@email.it','BURRONI GIOIA'),(1434,7,'jocardeti@gmail.com','CARDETI IOLANDA'),(1435,7,'niccoscope@hotmail.it','SCOPETANI NICCOLO'),(1436,7,'moda68@alice.it','CECCONATI MONICA'),(1437,7,'esigali@libero.it','SIGALI EMILIO'),(1438,7,'simone.pistoi@tin.it','PISTOI SIMONE'),(1439,7,'simone.banchi@gmail.com','BANCHI SIMONE'),(1440,7,'cristina.marrani@yahoo.it','MARRANI CRISTINA'),(1441,7,'annabalasco@centropegaso.it','BALASCO ANNA'),(1442,7,'lorenzi.letizia@gmail.com','LORENZI LETIZIA'),(1443,7,'federico@moscatellistudio.it','MOSCATELLI FEDERICO'),(1444,7,'valentinachiappini.ar@gmail.com','CHIAPPINI VALENTINA'),(1445,7,'f.ciampi@libero.it','CIAMPI FRANCESCA'),(1446,7,'silvana.susini@libero.it','SUSINI SILVANA'),(1447,7,'annalisa83@tiscali.it','MONTOMOLI ANNALISA'),(1448,7,'fabiorusso@blu.it','RUSSO FABIO'),(1449,7,'franco.giuliani@alice.it','GIULIANI FRANCO'),(1450,7,'carletta.51@libero.it','DE GORACUCHI CARLA'),(1451,7,'luciari2003@libero.it','RIGHETTINI LUCIA'),(1452,7,'gavorranonet@gmail.com','ROSSI PAOLA'),(1453,7,'ariannaneri81@gmail.com','NERI ARIANNA'),(1454,7,'paola.frosinini@gmail.com','FROSININI PAOLA'),(1455,7,'daniricci@gmail.com','RICCI DANIELA'),(1456,7,'f.ceccarelli@areatecnica1.it','PANTOSO MELISSA'),(1457,7,'merola_raffaele@alice.it','MEROLA FILIPPO'),(1458,7,'riforgiato@gmail.com','RIFORGIATO FEDERICA'),(1459,7,'bettacdp@hotmail.com','CHIMENTI ELISABETTA'),(1460,7,'giuseppina.gallo@telecomitalia.it','GALLO GIUSEPPINA'),(1461,7,'evabidini@gmail.com','BIDINI EVA'),(1462,7,'madame.laura@live.it','TOSI LAURA'),(1463,7,'p.bennati@palazzochigi.it','BENNATI PAOLA'),(1464,7,'maddalena.grazzini@alice.it','GRAZZINI MADDALENA'),(1465,7,'andreapanicini@hotmail.com','PANICINI ANDREA'),(1466,7,'silvio.ursini@bulgari.com','URSINI SILVIO'),(1467,7,'laurafaiella@libero.it','FAIELLA LAURA'),(1468,7,'marco.lari@glconfezioni.com','LARI MARCO'),(1469,7,'marta_sili@hotmail.it','SILI MARTA'),(1470,7,'rita.dragoni@alice.it','SPIRIDIGLIOZZI RITA'),(1471,7,'gabrielepianigiani@alice.it','PIANIGIANI GABRIELE'),(1472,7,'luisacini@teletu.it','CINI LUISA'),(1473,7,'stepirovano@tiscali.it','PIROVANO STEFANO'),(1474,7,'agriturismo@cortedegliulivi.net','SAVIO GIULIA'),(1475,7,'valeria.bindi@virgilio.it','BINDI VALERIA'),(1476,7,'cateyre@hotmail.it','MARCHETTI CATERINA'),(1477,7,'marco.scrivano7@live.it','SCRIVANO MARCO'),(1478,7,'barbara.marchi@yahoo.it','GRILLI GIANLUIGI'),(1479,7,'fabriziospaghetti@hotmail.it','SPAGHETTI FABRIZIO'),(1480,7,'t.pieraccini@cstfirenze.it','PIERACCINI TIZIANA'),(1481,7,'l.mangiavacchi1@virgilio.it','MANGIAVACCHI LAURETTA'),(1482,7,'claudia.ricco09@gmail.com','RICCO CLAUDIA'),(1483,7,'federicamaggi89@gmail.com','MAGGI FEDERICA'),(1484,7,'kapmar.paolo@alice.it','CAPECCHI MARILENA'),(1485,7,'miss@misspaloma.com','ROSSETTINI NOVELLA'),(1486,7,'lafayette77@live.it','PECCHIOLI ROBERTA'),(1487,7,'dmayer@alice.it','MAYER DANIELA'),(1488,7,'eleonoracartocci@hotmail.it','CARTOCCI ELEONORA'),(1489,7,'cristinaorlandi80@gmail.com','ORLANDI CRISTINA'),(1490,7,'rosella.p@bcc.tin.it','PISTELLI ROSELLA'),(1491,7,'archawerbuch@yahoo.it','AWERBUCH GABRIELLA'),(1492,7,'20.9@tiscali.it','FORCI FRANCO'),(1493,7,'mario.sovico@gmail.com','SOVICO MARIO'),(1494,7,'mena.cece@alice.it','CECE FILOMENA'),(1495,7,'dariacini@libero.it','CINI DARIA'),(1496,7,'anitabuchser@virgilio.it','BUCHSER ANITA'),(1497,7,'sandragadelotti@alice.it','GADELOTTI SANDRA'),(1498,7,'francesca_lelli@hotmail.com','LELLI FRANCESCA'),(1499,7,'giadamanciulli@libero.it','MANCIULLI GIADA'),(1500,7,'stefy.cianfarelli@libero.it','CIANFANELLI STEFANIA'),(1501,7,'lucillamuccichini@gmail.com','MUCCICHINI LUCILLA'),(1502,7,'stefanucci.giacomo@gmail.com','STEFANUCCI GIACOMO'),(1503,7,'cristina.monteldi@virgilio.it','GASTALDI MARCO'),(1504,7,'mclaretta74@gmail.com','MARZOLA MARIA CHIARA'),(1505,7,'vannuele@gmail.com','VANNUCCINI ELEONORA'),(1506,7,'cristiano.contri@gmail.com','CONTRI CRISTIANO'),(1507,7,'avv.cristinamonti@gmail.com','FOTI MARIA CRISTINA'),(1508,7,'conti.ele@alice.it','CONTI ELENA'),(1509,7,'info@bookseller.it','STELLA ROMEO'),(1510,7,'neri.alessio@virgilio.it','NERI ALESSIO'),(1511,7,'lucillabernardi@yahoo.it','BERNARDI LUCILLA'),(1512,7,'grazianigiulia@yahoo.it','GRAZIANI GIULIA'),(1513,7,'e.monti3@gmail.com','MONTI ELENA'),(1514,7,'alessandrabianco89@gmail.com','BIANCO ALESSANDRA'),(1515,7,'c.inglis@hotmail.it','INGLIS CHIARA'),(1516,7,'soniamartini@tin.it','MARTINI SONIA'),(1517,7,'simona_fratini@virgilio.it','FRATINI SIMONA'),(1518,7,'elenacolombini@gmail.com','COLOMBINI ELENA'),(1519,7,'cp.pizzo@libero.it','PIZZO CRISTINA'),(1520,7,'stori.fra@gmail.com','STORI FRANCESCA'),(1521,7,'iphoneeli@hotmail.it','SABBADINI ELISA'),(1522,7,'giovanna.mascheroni@alice.it','MASCHERONI GIOVANNA'),(1523,7,'alessandromazzei@alice.it','MAZZEI ALESSANDRO'),(1524,7,'antonella.atzeni@alice.it','ATZENI ANTONELLA'),(1525,7,'laurog67@gmail.com','ROGAI LAURA'),(1526,7,'federicaartini@gmail.com','ARTINI FEDERICA'),(1527,7,'paolovignali@hotmail.com','VIGNALI PAOLO'),(1528,7,'avv.v.tellini@gmail.com','TELLINI VALERIA'),(1529,7,'g.pecchioli@virgilio.it','PECCHIOLI CARLA MARIA'),(1530,7,'marconocchi@virgilio.it','NOCCHI MARCO'),(1531,7,'fashionsun.m@libero.it','GRECO LUIGI'),(1532,7,'cinziadipio@gmail.com','DI PIO CINZIA'),(1533,7,'dcoppola@studiotributariosiciliano.it','COPPOLA DANIELA'),(1534,7,'patrizia.amolini@libero.it','AMOLINI PATRIZIA'),(1535,7,'pieragalli@unisi.it','PIERAGALLI DANIELA'),(1536,7,'crys63@libero.it','MEZZABOTTA CRISTIANA'),(1537,7,'monica@studiotiberio.net','BECAGLI MONICA'),(1538,7,'massimilianomalavasi@libero.it','MALAVASI MASSIMILIANO'),(1539,7,'angelafava@hotmail.it','FAVA GALLI ANGELA'),(1540,7,'fedefedeli@hotmail.it','FEDELI FEDERICA'),(1541,7,'loresatti@libero.it','SATTI LORENZO'),(1542,7,'annabianca60@yahoo.it','BROGIONI ANNA'),(1543,7,'silvia.stivali@libero.it','STIVALI SILVIA'),(1544,7,'pulsini@libero.it','BENOCCI PAOLA'),(1545,7,'elisacapacci@hotmail.com','CAPACCI ELISA'),(1546,7,'iaia.thebest96@hotmail.it','RENIERI ILARIA'),(1547,7,'marghe.rauccio@libero.it','RAUCCIO MARGHERITA'),(1548,7,'f.martini75@gmail.com','MARTINI FRANCESCO'),(1549,7,'lucillabianchi@fastwebnet.it','BIANCHI LUCILLA'),(1550,7,'lidiacasa@tin.it','CASA LIDIA'),(1551,7,'dino.paolino888@gmail.com','PAOLINO DINO'),(1552,7,'antonella.mugnaini@alice.it','MUGNAINI ANTONELLA'),(1553,7,'federicominio@commercialisti.fi.it','MINIO FEDERICO'),(1554,7,'stefanomomb@libero.it','MOMBELLI STEFANO'),(1555,7,'peggyper@gmail.com','LEDDA LAURA'),(1556,7,'marco.ciardi@cirdim.191.it','CANDI ROMINA'),(1557,7,'cristina@studio.venezia.it','VINCIGUERRA CRISTINA'),(1558,7,'gabri21@virgilio.it','FALUGIANI GABRIELLA'),(1559,7,'fiamma48@gmail.com','CAVIGLIA EMMA'),(1560,7,'cabi2001@alice.it','TORRONI SILVIA'),(1561,7,'enrico.fazio@toscotec.com','FAZIO ENRICO'),(1562,7,'federica.targi@gmail.com','TARGI FEDERICA'),(1563,7,'elena.conti@bramante.eu','CONTI ELENA'),(1564,7,'cerretanimax@virgilio.it','CERRETANI MASSIMILIANO'),(1565,7,'alicetrambusti@yahoo.it','TRAMBUSTI ALICE'),(1566,7,'patrizia.burgatto@fastwebnet.it','BURGATTO PATRIZIA'),(1567,7,'piccolodrago75@gmail.com','LARI RICCARDO'),(1568,7,'lc.doc@alice.it','CARPENTIERI LAURA'),(1569,7,'aldopatruno83@gmail.com','PATRUNO ALDO'),(1570,7,'gabrielladipasquale721@gmail.com','DI PASQUALE GABRIELLA'),(1571,7,'saradanti@libero.it','DANTI SARA'),(1572,7,'paladiialina@yahoo.it','PALADII ALINA'),(1573,7,'zeni.paola64@alice.it','ZENI PAOLA'),(1574,7,'mimmiletizia@yahoo.it','MARIANI MARIA LETIZIA'),(1575,7,'giovanna131@hotmail.it','BARSACCHI GIOVANNA'),(1576,7,'beabiffa@alice.it','BIFFONI BEATRICE'),(1577,7,'simone.ricceri@gmail.com','RICCERI SIMONE'),(1578,7,'simorucci@libero.it','MORUCCI SIMONETTA'),(1579,7,'artegessodi@alice.it','LAURETI STEFANO'),(1580,7,'nacchera749@libero.it','BUFFI ANNAMARIA'),(1581,7,'virgycasalicchio@libero.it','CASALICCHIO VIRGINIA'),(1582,7,'ecipollini@virgilio.it','CIPOLLINI ENRICO'),(1583,7,'p.ardenghi@enegan.it','ARDENGHI PAOLA LINDA'),(1584,7,'pezzullo.maria@libero.it','PEZZULLO MARIA'),(1585,7,'laura_disanto@hotmail.it','DI SANTO LAURA'),(1586,7,'sarracino_91@live.it','CIAMPA PAOLO'),(1587,7,'kittyska@hotmail.it','GUIDONI CATERINA'),(1588,7,'amministrazione@giorgiobandini.it','BANDINI GIORGIO'),(1589,7,'alessandra.bianchi74@virgilio.it','BIANCHI ALESSANDRA'),(1590,7,'emcola2011@yahoo.it','GATTAI CHIARA'),(1591,7,'susannatarsi1@gmail.com','TARSI SUSANNA'),(1592,7,'l.cacciari@libero.it','CACCIARI LETIZIA'),(1593,7,'ale_avataneo@yahoo.it','AVATANEO ALESSANDRA'),(1594,7,'emibarta76@virgilio.it','BARTALUCCI EMILIANO'),(1595,7,'michele_mazzetti@yahoo.it','MAZZETTI MICHELE'),(1596,7,'s.iandelli@alice.it','IANDELLI SILVIA'),(1597,7,'simolan@gmail.com','LANDOZZI SIMONA'),(1598,7,'lucagerace67@gmail.com','GERACE LUCA'),(1599,7,'aleabbate@istat.it','ABBATE ALESSIA'),(1600,7,'info@meccanicacambi.it','CAMBI ELISABETTA'),(1601,7,'da.nuti@alice.it','NUTI DANIELA'),(1602,7,'ace06@katamail.com','MARIOTTI CRISTINA'),(1603,7,'beatricecianciolo@tiscali.it','CIANCIOLO BEATRICE'),(1604,7,'elisabettaely@libero.it','SARTONI ELISABETTA'),(1605,7,'gionnidepirro@hotmail.it','DE PIRRO GIONNI'),(1606,7,'sabrinare@me.com','PISANI SABRINA'),(1607,7,'paola@saniscope-chimica.it','SANI PAOLA'),(1608,7,'ema.savini@alice.it','SANI CINZIA'),(1609,7,'alicialubrani@gmail.com','LUBRANI ALICIA'),(1610,7,'jonathanallegria90@hotmail.it','ALLEGRIA JONATHAN'),(1611,7,'aleshiatsu@tiscali.it','NERI ALESSANDRO'),(1612,7,'lorenapizzi@hotmail.com','PIZZI LORENA'),(1613,7,'carlo.gaffurini@libero.it','GAFFURINI CARLO'),(1614,7,'milena.basciu@gmail.com','BASCIU MILENA'),(1615,7,'respcoop@aosiena.toscana.it','SEVERI MARCO'),(1616,7,'chiaratofani@alice.it','TOFANI CHIARA'),(1617,7,'bronchi.fabrizio@tin.it','BRONCHI FABRIZIO'),(1618,7,'silvy.bianchi@gmail.com','BIANCHI SILVIA'),(1619,7,'antonellabartoli3@virgilio.it','BARTOLI ANTONELLA'),(1620,7,'lollibetti@gmail.com','MARTELLI LAURA'),(1621,7,'lmanenti@lavoro.gov.it','MANENTI LORETA'),(1622,7,'sandrogromegrosoli@gmail.com','GROSOLI SANDRO'),(1623,7,'claudio.ficini@bayer.com','FICINI CLAUDIO'),(1624,7,'mauro.bartali@gmail.com','BARTALI MAURO'),(1625,7,'chiara51@gmail.com','RAGNI CHIARA'),(1626,7,'laura.legrenzi@libero.it','LEGRENZI LAURA'),(1627,7,'aletonelli1966@gmail.com','TONELLI ALESSANDRA'),(1628,7,'federica.carresi@virgilio.it','CARRESI FEDERICA'),(1629,7,'fergosti@nkey.it','FERGOSTI SILVIA'),(1630,7,'abgiova@tiscali.it','VECCHIOTTI BARBARA'),(1631,7,'paola.trotti@libero.it','TROTTI PAOLA'),(1632,7,'msmaddalena@gmail.com','SCORRETTI MADDALENA'),(1633,7,'mbalestra77@gmail.com','BALESTRA MARIANNA'),(1634,7,'silvia.branzanti@gmail.com','BRANZANTI SILVIA'),(1635,7,'renierigianni@email.it','RENIERI GIANNI'),(1636,7,'marianagolub@yahoo.it','GOLUB MARIANA'),(1637,7,'giuliafraternale@libero.it','FRATERNALE GIULIA'),(1638,7,'salazza75@gmail.com','LAZZARINI SABRINA'),(1639,7,'fallettimc@yahoo.it','FALLETTI MARIA CHIARA'),(1640,7,'mati.chelini@gmail.com','CHELINI MATILDE'),(1641,7,'marianeve.vitiello@gmail.com','VITIELLO MARIANEVE'),(1642,7,'liana.bizzarri@libero.it','BIZZARRI LIANA'),(1643,7,'annalisa.poggialini@unisi.it','POGGIALINI ANNALISA'),(1644,7,'pacogiu@libero.it','GIUDICE PASQUALE PAOLO'),(1645,7,'buoni.m@libero.it','BUONI MARIANNE'),(1646,7,'ceciliamangia@libero.it','MANGIAVACCHI CECILIA'),(1647,7,'francescabechini71@gmail.com','BECHINI FRANCESCA'),(1648,7,'veronica.fiorentini@alice.com','FIORENTINI VERONICA'),(1649,7,'laura.tei@banca.mps.it','TEI LAURA'),(1650,7,'ilaecris@yahoo.it','CRIVELLONE ILARIA'),(1651,7,'stocchi@gmail.com','STOCCHI LORENZO'),(1652,7,'casinist@alice.it','CASINI STEFANO'),(1653,7,'symonamartelli@alice.it','PIERATTINI SIMONA'),(1654,7,'lucamoresi@libero.it','MORESI LUCA'),(1655,7,'a.materozzi@annamaterozzi.it','MATEROZZI ANNA'),(1656,7,'veronicamazzei@yahoo.it','MAZZEI VERONICA'),(1657,7,'d.tudisca@e-abcitaly.com','TUDISCA DOMITILLA'),(1658,7,'rossanacini@gmail.com','CINI ROSSANA'),(1659,7,'michelagorla@me.com','GORLA MICHELA'),(1660,7,'gianni.grassi@banfi.it','GRASSI GIANNI'),(1661,7,'lorinicco@alice.it','CONTICELLI CLAUDIO'),(1662,7,'ilariavasarri@gmail.com','VASARRI ILARIA'),(1663,7,'caterinancona@hotmail.it','ANCONA CATERINA'),(1664,7,'osca1968@interfree.it','BRUNI CINZIA'),(1665,7,'claudiadellaverde@hotmail.it','DELLA VERDE CLAUDIA'),(1666,7,'amaliasaltarelli@yahoo.it','SALTARELLI AMALIA'),(1667,7,'mancianti@libero.it','MANCIANTI FILIPPO'),(1668,7,'bruny53@gmail.com','MASSARI BRUNELLA'),(1669,7,'stenoservice@virgilio.it','ONTANI CINZIA'),(1670,7,'cristianosaverio60@gmail.com','CRISTIANO SAVERIO'),(1671,7,'arclva@tiscali.it','VALDRIGHI CLAUDIO'),(1672,7,'silvia-severi@tiscali.it','SEVERI SILVIA'),(1673,7,'ire_c90@hotmail.it','COCCHI IRENE'),(1674,7,'serena.bargellini@hotmail.it','BARGELLINI SERENA'),(1675,7,'vferrarav@libero.it','FERRARA VALENTINA'),(1676,7,'riccardo.mecheroni@gmail.com','MECHERONI RICCARDO'),(1677,7,'valebellucci@virgilio.it','BELLUCCI VALENTINA'),(1678,7,'sara.buccelli@libero.it','BUCCELLI SARA'),(1679,7,'elolove@hotmail.it','TOGNETTI ELOISA'),(1680,7,'riccarelli@cybermarket.it','GISTRI ROSSELLA'),(1681,7,'massimo.mazzini@alice.it','MAZZINI MASSIMO'),(1682,7,'stefadany@libero.it','GIANNI STEFANO'),(1683,7,'fedebat@yahoo.it','BATTIGLIA FEDERICO'),(1684,7,'pieralli.c@gmail.com','PIERALLI CRISTINA'),(1685,7,'mail@cabiaglia.com','CABIAGLIA ELISABETTA'),(1686,7,'v.direnzo@alice.it','DIRENZO VINCENZA'),(1687,7,'sandro.tafani@gmail.com','TAFANI SANDRO'),(1688,7,'riccardovinc@hotmail.com','VINCIGUERRA RICCARDO'),(1689,7,'roberta.vestri.63@gmail.com','VESTRI ROBERTA'),(1690,7,'lorycarretta@libero.it','CARRETTA LOREDANA'),(1691,7,'francesca.b.li@katamail.com','BERTELLI FRANCESCA'),(1692,7,'luigina.carretta@gmail.com','CARRETTA LUIGINA'),(1693,7,'margi.signorini@gmail.com','SIGNORINI MARIARITA'),(1694,7,'morimonica@virgilio.it','MORI MONICA'),(1695,7,'enri1492@gmail.com','BERNARDINI ENRICO'),(1696,7,'mariaantonellaferri@gmail.com','FERRI MARIA ANTONELLA'),(1697,7,'c.stammati@gmail.com','STAMMATI MARIA CRISTINA'),(1698,7,'edilzak@libero.it','ANNIBALE CLOTILDE'),(1699,7,'ranierimartina@gmail.com','RANIERI MARTINA'),(1700,7,'paolo.brogi1@libero.it','BROGI PAOLO'),(1701,7,'barbara.sodi@hotmail.it','SODI BARBARA'),(1702,7,'info@gloriacampriani.com','CAMPRIANI GLORIA'),(1703,7,'cristina.sanesi@hotmail.it','SANESI CRISTINA'),(1704,7,'lucreiz.nik@gmail.com','NICCOLI ANNA'),(1705,7,'giu46@hotmail.com','ROSSI GIULIA'),(1706,7,'fabry.funaro@gmail.com','FUNARO GABRIELLA'),(1707,7,'scali_marco@hotmail.it','SCALI MARCO'),(1708,7,'conforti.antonio@yahoo.it','CONFORTI ANTONIO'),(1709,7,'euro.blasi@dp2000.it','BLASI EURO'),(1710,7,'enrica.marzo@libero.it','MARZO ENRICA'),(1711,7,'contisonia67@gmail.com','CONTI SONIA'),(1712,7,'riccardo.demeo@copyworld.it','MANFRIANI LAURA'),(1713,7,'mf.faenza@gmail.com','FAENZA MARIA FRANCESCA'),(1714,7,'ulrico.paolucci@gmail.com','PAOLUCCI ULRICO'),(1715,7,'raul.ciulli@gmail.com','CIULLI STEFANO'),(1716,7,'carlo@smac-cornici.com','BORGHINI CARLO'),(1717,7,'monica.piva@hotmail.it','PIVA MONICA'),(1718,7,'giannaagosta@gmail.com','AGOSTA GIANNA'),(1719,7,'iacobelli.szego@gmail.com','IACOBELLI STEFANO'),(1720,7,'veronica.veneziani@gmail.com','VENEZIANI VERONICA'),(1721,7,'alessandracarra@tiscali.it','CARRA ALESSANDRA'),(1722,7,'elizabethkoenig@gmail.com','KOENIG ELIZABETH'),(1723,7,'a.ghiandai@libero.it','GHIANDAI ALESSANDRA'),(1724,7,'ely.bocci@gmail.com','BOCCI ELISABETTA'),(1725,7,'info@super-travel.it','SOVANI SANDRA'),(1726,7,'avvbrunodini@virgilio.it','DINI BRUNO'),(1727,7,'larcierone90@libero.it','PALLARI SAMUELE'),(1728,7,'vivacaterina@gmail.com','GIUDICI CATERINA'),(1729,7,'gianni@josu.it','ACCIAI GIANNI'),(1730,7,'vincenzo.francomano@alice.it','FRANCOMANO VINCENZO'),(1731,7,'federicopiccioli50@yahoo.it','PICCIOLI FEDERICO'),(1732,7,'costanza.quaratesi@gmail.com','QUARATESI COSTANZA'),(1733,7,'s.petragli@gmail.com','PETRAGLI STEFANIA'),(1734,7,'caterina.fabbiani@mps.it','FABBIANI CATERINA'),(1735,7,'deborapieri.20@gmail.com','PIERI DEBORA'),(1736,7,'kaima200@yahoo.it','ROMANO OTTAVO'),(1737,7,'g.salvini@tin.it','FANTONI ANTONELLA'),(1738,7,'robertocosti@virgilio.it','COSTI ROBERTO'),(1739,7,'tonellielena@libero.it','TONELLI MARIA ELENA'),(1740,7,'maisto.alessandro@tiscali.it','MAISTO ALESSANDRO STEFANO'),(1741,7,'francesca.piccardi@gmail.com','PICCARDI FRANCESCA'),(1742,7,'alessandro_veneri1@virgilio.it','VENERI ALESSANDRO'),(1743,7,'signori.fabio@gmail.com','SIGNORI FABIO'),(1744,7,'denisecolicchi@virgilio.it','COLICCHI DENISE'),(1745,7,'silvia.tavanti@gmail.com','TAVANTI SILVIA'),(1746,7,'giulia.vezzosi@me.com','VEZZOSI GIULIA'),(1747,7,'carstabile@hotmail.it','STABILE CARMEN'),(1748,7,'ciarpa@hotmail.com','CIARPAGLINI RICCARDO'),(1749,7,'carmen_pizzonia@libero.it','PIZZONIA CARMEN'),(1750,7,'fabioscardicci@gmail.com','SCARDICCI FABIO'),(1751,7,'fedegiova@hotmail.it','GIOVANNETTI FEDERICO'),(1752,7,'apaolucci@aliceposta.it','PAOLUCCI ANTONELLA'),(1753,7,'francescobarone2013@yahoo.it','BARONE FRANCESCO'),(1754,7,'cosmelani@gmail.com','MELANI COSTANZA'),(1755,7,'cherubinilorenzo@gmail.com','CHERUBINI LORENZO'),(1756,7,'barbara.izzi@inwind.it','IZZI BARBARA'),(1757,7,'alessandra.bruni@usl8.toscana.it','BRUNI ALESSANDRA'),(1758,7,'sary2981@libero.it','ROSATI SARA'),(1759,7,'alberto.pastore@gmail.com','PASTORE ALBERTO'),(1760,7,'serena.poggesi@val.it','POGGESI SANDRO'),(1761,7,'baldii.adriano@gmail.com','BALDI ADRIANO'),(1762,7,'babycico@gmail.com','CICOGNANI BARBARA'),(1763,7,'chiesa20@virgilio.it','ANICHINI FRANCESCO'),(1764,7,'francesca.santoro@comune.fi.it','SANTORO FRANCESCA'),(1765,7,'marco.romoli@it.gucci.com','ROMOLI MARCO'),(1766,7,'cristina_mameli@hotmail.com','SCRIBANO CRISTINA'),(1767,7,'lisa.lazzeri696@gmail.com','LAZZERI LISA'),(1768,7,'fabio.melo@hotmail.it','MELONI FABIO'),(1769,7,'lucia.chierici@tin.it','CHIERICI LUCIA'),(1770,7,'carolinabonci@gmail.com','BONCI CAROLINA'),(1771,7,'massimiliano@masonipietro.it','ARNECCHI MASSIMILIANO'),(1772,7,'giancabruni64@hotmail.it','BRUNI GIANCARLO'),(1773,7,'monica.coradeschi@live.it','TRUSSARDI CORADESCHI MONICA'),(1774,7,'agrechi5@gmail.com','GRECHI ALESSANDRA'),(1775,7,'fratecola@yahoo.it','FEDELI IGNAZIA'),(1776,7,'livornino@gmail.com','MARRAS PAOLA'),(1777,7,'angelicalibretti11@gmail.com','LIBRETTI ANGELICA'),(1778,7,'federica.tradexport@gmail.com','GHIOMELLI FEDERICA'),(1779,7,'giuliafiorelli@hotmail.it','FIORELLI GIULIA'),(1780,7,'e.nannini@icloud.com','BIANCHI ELEONORA'),(1781,7,'caty.caty1977@hotmail.it','CAZZANIGA CATERINA'),(1782,7,'lubi.lubi@virgilio.it','VIVIANI LUCIA'),(1783,7,'samantagabbrielli@icloud.com','GABBRIELLI SAMANTA'),(1784,7,'barbarag@biosys.it','GREGORI BARBARA'),(1785,7,'crisscant@libero.it','CANTAGALLI CRISTIANA'),(1786,7,'linorenzi@alice.it','RENZI LINO'),(1787,7,'sandrapancini@hotmail.it','PANCINI SANDRA'),(1788,7,'babbomarchino@gmail.com','MILESU MARCO'),(1789,7,'carlabiasio@yahoo.it','BIASIO CARLA'),(1790,7,'raffaelelobuono@alice.it','LO BUONO RAFFAELE'),(1791,7,'igor76@libero.it','FINOCCHI ENRICO'),(1792,7,'barbaratamantini@gmail.com','TAMANTINI BARBARA'),(1793,7,'om_nefertari@hotmail.com','CIMONI SARA'),(1794,7,'fiamma.mazzini@hotmail.it','MAZZINI FIAMMA'),(1795,7,'silviarabatti@virgilio.it','RABATTI SILVIA'),(1796,7,'marcoserrai@katamail.com','SERRAI MARCO'),(1797,7,'paolapi2010@libero.it','PIEROTTI PAOLA'),(1798,7,'angelica@guidi.it','GUIDI ANGELICA'),(1799,7,'studiotec@dunia.it','GUALTIERI PAOLO'),(1800,7,'annalisacentrobenessere@gmail.com','BARBAGALLO ANNALISA'),(1801,7,'danielapicchiotti@hotmail.com','PICCHIOTTI DANIELA'),(1802,7,'marinacolombo59@gmail.com','COLOMBO MARINA'),(1803,7,'stefania.romoli1@banca.mps.it','ROMOLI STEFANIA'),(1804,7,'f.michelle@tin.it','ARDEMOGNI MICHELLE'),(1805,7,'guglielmo.gaggioli@gmail.com','GAGGIOLI GUGLIELMO'),(1806,7,'giachetti.claudia@gmail.com','GIACHETTI CLAUDIA'),(1807,7,'senianeri@gmail.com','INNOCENTI ELISA'),(1808,7,'psicodramma@yahoo.it','FATIGHENTI SILVIA'),(1809,7,'cerrikuadmirim@yahoo.it','CERRIKU ADMIRIM'),(1810,7,'pamelacampassi@gmail.com','CAMPASSI PAMELA'),(1811,7,'rosa.falchipicchinesi@gmail.com','FALCHI PICCHINESI ROSA'),(1812,7,'info@sportflyclub.it','BARDI ENRICO'),(1813,7,'vignostefania@gmail.com','VIGNOLA STEFANIA'),(1814,7,'cardoni.carloluigi@libero.it','CARDONI CARLO LUIGI'),(1815,7,'michelaca.mc@gmail.com','CAMORCIA MICHELA'),(1816,7,'gabriponza@libero.it','PONZA GABRIELLA'),(1817,7,'lueraxhindole@yahoo.it','XHINDOLE LUERA'),(1818,7,'manfredaluca@rocketmail.com','MANFREDA LUCA'),(1819,7,'coppola.filomena@gmail.com','COPPOLA FILOMENA'),(1820,7,'ccros@tiscali.it','CACACE ROSARIA'),(1821,7,'giadagiustini@gmail.com','GIUSTINI GIADA'),(1822,7,'gandini.loredana@gmail.com','GANDINI LOREDANA'),(1823,7,'criminal90@gmail.com','MAZZOLI ENRICO'),(1824,7,'batani57@alice.it','BATANI SILVIA'),(1825,7,'camy801@tin.it','BERTI CAMILLA'),(1826,7,'jermy@hotmail.it','DALMAZIO GILDA'),(1827,7,'brunella@gbcserramenti.it','BARONTI BRUNELLA'),(1828,7,'dani.somigli@gmail.com','SOMIGLI DANIELA'),(1829,7,'sabrina407@alice.it','PONZIO MIMMA'),(1830,7,'robertocipri@gmail.com','CIPRIANI ROBERTO'),(1831,7,'elisabetta.ferri@gmail.com','FERRI ELISABETTA'),(1832,7,'patrizia.cerizzi@fastwebnet.it','CERIZZI PATRIZIA'),(1833,7,'gabriella.ferraro@hotmail.it','FERRARO GABRIELLA'),(1834,7,'mariapiafranci@hotmail.it','FRANCI MARIA PIA'),(1835,7,'b.vagaggini@alice.it','VAGAGGINI BARBARA'),(1836,7,'raffarusso79@libero.it','RUSSO RAFFAELLA'),(1837,7,'d.sassorossi@sassorossi.it','SASSOROSSI DEBORAH'),(1838,7,'alberto.obert@hotmail.it','OBERT ALBERTO'),(1839,7,'paolaricciolo@libero.it','AVONA PAOLA'),(1840,7,'flacapp@libero.it','BARDINE LEONARDO'),(1841,7,'m.filosomi@gmail.com','FILOSOMI MANUELE'),(1842,7,'ameliazanazzo@libero.it','ZANAZZO AMELIA'),(1843,7,'marcellavendemiale@alice.it','VENDEMIALE MARCELLA'),(1844,7,'mobylally78@hotmail.it','MALENTACCHI MICHELA'),(1845,7,'sarettacavalleri@gmail.com','CAVALLERI SARA MARIA'),(1846,7,'giuseppe.amapane@alice.it','AMAPANE GIUSEPPE'),(1847,7,'info@sordigiuseppe.it','ROSSI KATIA'),(1848,7,'elisabetta.puliti@gmail.com','PUITI ELISABETTA'),(1849,7,'andrea.bazzotti@hotmail.com','BAZZOTTI ANDREA'),(1850,7,'ritapetrilli@gmail.com','PETRILLI RITA'),(1851,7,'alessandra@montanellimpianti.it','MONTANELLI ALESSANDRA'),(1852,7,'rosariadigregorio@inwind.it','DI GREGORIO ROSARIA'),(1853,7,'idavrbarbetti@gmail.com','BARBETTI IDA'),(1854,7,'avvocatovanni@gmail.com','VANNI FRANCESCA'),(1855,7,'sonia.quadri@alice.it','ROGHI SONIA'),(1856,7,'emanuelabel@gmail.com','BELIGNI CRISTINA'),(1857,7,'silviazoffoli@yahoo.it','ZOFFOLI SILVIA'),(1858,7,'ilariacdp@gmail.com','MORI ILARIA'),(1859,7,'valter.calonaci@gmail.com','CALONACI VALTER'),(1860,7,'simonepierini64@gmail.com','PIERINI SIMONE'),(1861,7,'costanzasag@yahoo.it','SAGRINATI COSTANZA'),(1862,7,'claudio.moscati@libero.it','MOSCATI CLAUDIO'),(1863,7,'alessandra.28@hotmail.it','MASSAI ALESSANDRA'),(1864,7,'simo.fri77@hotmail.it','FRIGENTI SIMONE'),(1865,7,'mami2246@gmail.com','MINUCCI MAURIZIO'),(1866,7,'mariofei@alice.it','FEI MARIO'),(1867,7,'manuelameier@hotmail.it','MEIER MANUELA'),(1868,7,'si.masini@gmail.com','MASINI SIMONA'),(1869,7,'ila.deglinnocenti@gmail.com','DEGLINNOCENTI ILARIA'),(1870,7,'tondi91@alice.it','PIZZETTI ANNALISA'),(1871,7,'mariagloriacardini@alice.it','CARDINI MARIA GLORIA'),(1872,7,'paolaporciatti@libero.it','PORCIATTI PAOLA'),(1873,7,'rossetti.rob@virgilio.it','ROSSETTI ROBERTA'),(1874,7,'monica.pecchioli@virgilio.it','PECCHIOLI MONICA'),(1875,7,'donatella.sellari.fr@tiscali.it','SELLARI DONATELLA'),(1876,7,'geraldineleardi@gmail.com','LEARDI GERALDINE'),(1877,7,'gabriellabetti@alice.it','BETTI GABRIELLA'),(1878,7,'mlgioia95@gmail.com','GIOIA MARIA LUANA'),(1879,7,'susanna.branca@gmail.com','BRANCA SUSANNA'),(1880,7,'gioia.andrea@libero.it','LIBERATORI GIOIA'),(1881,7,'francavecchioni@hotmail.com','VECCHIONI FRANCA'),(1882,7,'f.brevi@libero.it','BREVI FEDERICA'),(1883,7,'giallo.ottouno@gmail.com','ORBETTI MANUELA'),(1884,7,'cremonas@libero.it','UBALDINO EMILIO'),(1885,7,'paolbara@hotmail.com','BARABESI PAOLO'),(1886,7,'luciafornai@libero.it','FORNAI LUCIA'),(1887,7,'saudelli1927@gmail.com','SAUDELLI GIULIANO'),(1888,7,'mariapia.marsili@gmail.com','MARSILI MARIA PIA'),(1889,7,'lorenzoiocca@hotmail.com','IOCCA LORENZO'),(1890,7,'consuelobaldini@hotmail.it','BALDUINI CONSUELO'),(1891,7,'marydamata@yahoo.it','DAMATA MARIA'),(1892,7,'daniela.suero@alice.it','SUERO DANIELA'),(1893,7,'federicobigliazzi@gmail.com','BIGLIAZZI FEDERICO'),(1894,7,'alinamarinescu73@gmail.com','MARINESCU ALINA'),(1895,7,'maria.aiazzi@gmail.it','AIAZZI MARIA'),(1896,7,'simogov@libero.it','GOVERNI SIMONE'),(1897,7,'carlafioravanti@hotmail.it','FIORAVANTI CARLA'),(1898,7,'daninic14@gmail.com','BILOTTI DANIELA'),(1899,7,'betta.artuso@tin.it','ARTUSO ELISABETTA'),(1900,5,'poli781@gmail.com','POLI SIMONE'),(1901,5,'nicoceru@gmail.com','CERU PATRIZIA'),(1902,5,'maildilu@me.com','DELLA VALLE LUCIA'),(1903,5,'kia1985@live.it','TRIVELLI CHIARA'),(1904,5,'mary692@hotmail.it','GIANNONI MARIA LUISA'),(1905,5,'giovanni.scribano@popvi.it','SCRIBANO GIOVANNI'),(1906,5,'santillogilda@hotmail.com','SANTILLO GILDA'),(1907,5,'elisa138@hotmail.it','SIMONI ELISA'),(1908,5,'lorenzovettori@libero.it','VETTORI LORENZO'),(1909,5,'m.mariantonietta@yahoo.it','ROMOLI MARIANTONIETTA'),(1910,5,'ilabe85@live.it','BERNARDI ILARIA'),(1911,5,'info@immobiliareilquadrifoglio.net','DI LELIO ANNALISA'),(1912,5,'carolina.pastore.219@istruzione.it','PASTORE CAROLINA'),(1913,5,'ermanno.petroncini@email.it','PETRONCINI ERMANNO'),(1914,5,'chrilucia@yahoo.it','MAGNANI CHRISTIANA'),(1915,5,'g_iacolino@virgilio.it','IACOLINO GIOVANNI'),(1916,5,'loccal@libero.it','LOCCI ALESSANDRA'),(1917,5,'ire.sammartino@gmail.com','SAMMARTINO IRENE'),(1918,5,'j.fazio@virgilio.it','FAZIO JOHNNY'),(1919,5,'adldirossi@vodafone.it','ROSSI ANDREA'),(1920,5,'eliventuri2002@yahoo.it','VENTURI ELISA'),(1921,5,'pla980@libero.it','GARZIA PAOLA'),(1922,5,'mat83fi@hotmail.com','AGLIETTI MARTA'),(1923,5,'massimo@ecoambiente-srl.it','MAZZEI MASSIMO'),(1924,5,'martino.ch@hotmail.it','CHIARAMONTE MARTINO'),(1925,5,'nary78@libero.it','HUAYMACARI NARA'),(1926,5,'eva.nuti@gmail.com','NUTI EVA'),(1927,5,'alex.pompilio@libero.it','POMPILIO ALESSANDRO'),(1928,5,'nellolucarotti@virgilio.it','LUCAROTTI NELLO'),(1929,5,'federica.toschi@pegasorubber.com','TOSCHI FEDERICA'),(1930,5,'bruschini.michela@virgilio.it','BRUSCHINI MICHELA'),(1931,5,'cotygaga@hotmail.it','MORENO MIRZA'),(1932,5,'clarichmond@yahoo.it','CLARIZIO STEFANO'),(1933,5,'m.dalessandro@walkin.name','DALESSANDRO MAURO'),(1934,5,'enrico.bottazzoli@alice.it','BOTTAZZOLI ENRICO'),(1935,5,'sertimar@alice.it','SERTI MARCO'),(1936,5,'n.rabiolo@usl2.toscana.it','RABIOLO NICOLETTA'),(1937,5,'guglielmo.stefanini@libero.it','STEFANINI GUGLIELMO'),(1938,5,'info@haflingermariti.it','MARITI SILVIA'),(1939,5,'byannamaria@gmail.com','QUILICI ANNA MARIA'),(1940,5,'tvogliobene@hotmail.it','GUENZI LUCIA'),(1941,5,'elisa_franceschini81@yahoo.it','FRANCESCHINI ELISA'),(1942,5,'cinzia.bimbi@alice.it','BIMBI CINZIA'),(1943,5,'m.aspro@hotmail.it','ASPRO MARTINA'),(1944,5,'sinicka@me.com','BENEDETTI VALENTINA'),(1945,5,'simone.bulleri@lenzitecnologie.it','BULLERI SIMONE'),(1946,5,'leonardoromei@gmail.com','ROMEI LEONARDO'),(1947,5,'cristiano68@interfree.it','CASALINI CRISTIANO'),(1948,5,'cantarovich.diego@gmail.com','CANTAROVICH DIEGO'),(1949,5,'alexandra_a@live.it','ALDEA ALEXANDRA'),(1950,5,'i.bonuccelli@virgilio.it','BONUCCELLI ILARIA'),(1951,5,'guidettiletizia@gmail.com','GUIDETTI LETIZIA'),(1952,5,'leonardotaddei@email.it','TADDEI LEONARDO'),(1953,5,'stephanie@steen-wetzlar.de','STEEN STEPHANIE'),(1954,5,'mart_extreme@hotmail.com','URENA MARTIN'),(1955,5,'ing.bianchi.daiana@gmail.com','BIANCHI DAIANA'),(1956,5,'cristianaquerci@gmail.com','QUERCI CRISTIANA'),(1957,5,'l.ottaviani@areapratese.bcc.it','OTTAVIANI LAURA'),(1958,5,'silvy_orange92@hotmail.it','RICCO SILVIA'),(1959,5,'maxsim67@gmail.com','SIMONETTI MASSIMO'),(1960,5,'antonio.daino@live.it','DAINO ANTONIO'),(1961,5,'geraciolimpia@libero.it','GERACI OLIMPIA'),(1962,5,'annagio21@tiscali.it','GIORGETTI ANNA MARIA'),(1963,5,'grazialavorini@gmail.com','LAVORINI GRAZIA RITA MARIA'),(1964,5,'gc.perugini@gmail.com','PERUGINI GIULIA'),(1965,5,'rosjmi@hotmail.com','MASTRODOMENICO ROSJ'),(1966,5,'gold5bcs@yahoo.it','BARANI MARCO'),(1967,5,'tidovi@tin.it','BERTELLI ANTONELLA'),(1968,5,'ale.rigo08@libero.it','RIGOLINI ALESSANDRA'),(1969,5,'alessia.pepe@ftgm.it','PEPE ALESSIA'),(1970,5,'mari-balay@live.it','BALAY MARINELLA'),(1971,5,'lucianogallo2007@tiscali.it','GALLO LUCIANO'),(1972,5,'mabertinikeeler@gmail.com','BERTINI MARY ANN'),(1973,5,'crischel@tin.it','CHELUCCI CRISTINA'),(1974,5,'sergio.boldrini@alice.it','BOLDRINI SERGIO'),(1975,5,'zanealberto@gmail.com','ZANETTI ALBERTO'),(1976,5,'alemarchi2@alice.it','MARCHI ALESSANDRO'),(1977,5,'giacomocri@yahoo.it','CRIMI GIACOMO'),(1978,5,'luisamalf@gmail.com','MALFATTI PASQUINI LUISA'),(1979,5,'nudbia@tin.it','BIGI ANDREA'),(1980,5,'arch.luca.paparoni@gmail.com','PAPARONI LUCA'),(1981,5,'felicecagnoni@virgilio.it','CAGNONI FELICE'),(1982,5,'francesca@toscotec.com','CICCHINO FRANCESCA'),(1983,5,'alepardini1978@gmail.com','PARDINI ALESSIA'),(1984,5,'sandrapalaggi@hotmail.com','PALAGGI SANDRA'),(1985,5,'missclarabella66@hotmail.it','NICASTRO LAURA'),(1986,5,'simona@wmail.it','GENOVALI SIMONA'),(1987,5,'eleonora.lucchi@welcomeitalia.it','LUCCHI ELEONORA'),(1988,5,'anna@wmail.it','GIORGETTI ANNA'),(1989,5,'paul.cocks@hotmail.it','GIRARDI LIA'),(1990,5,'lorenza.bozzi@sepi-pisa.it','BOZZI LORENZA'),(1991,5,'eziarob@hotmail.it','ROBUSTELLI EZIA'),(1992,5,'tizianabianconi@libero.it','BIANCONI TIZIANA'),(1993,5,'annarita.panelli@yahoo.it','PANELLI ANNARITA'),(1994,5,'irmd77@hotmail.com','ROLDAN MEDINA IRENE'),(1995,5,'stellina10@live.com','MARCHESE JASMIN'),(1996,5,'ubaldoburalli@gmail.com','BURALLI UBALDO'),(1997,5,'luigi.battisti@fastwebnet.it','BATTISTI LUIGI GIOVANNI'),(1998,5,'gsaraff@alice.it','SARAFF GUIDO'),(1999,5,'dimitrovanatalie544@gmail.com','DIMITROVA NATALIE'),(2000,5,'avv.valentinacecconi@gmail.com','CECCONI VALENTINA'),(2001,5,'lauraegianluca@alice.it','GUALTIERI LAURA'),(2002,5,'max379@libero.it','CERRAI MARIA GRAZIA'),(2003,5,'beadellamaggiore@libero.it','DELLA MAGGIORE BEATRICE'),(2004,5,'info@moda-pel.it','BERRETTI ELISABETTA'),(2005,5,'polepole71@libero.it','PALLA SIMONA'),(2006,5,'laurag.gl48@com.it','BIAGI LAURA'),(2007,5,'biru1982@libero.it','BIANCHI MARIA CHIARA'),(2008,5,'stefano64.b@libero.it','BRONZINA STEPHANE'),(2009,5,'annapaola@studiogarofalocdl.it','GAROFALO ANNA PAOLA'),(2010,5,'m.kokstaite@imtlucca.it','KOKSTAITE MONIKA'),(2011,5,'alma.lucarotti@hotmail.it','LUCAROTTI ALMA'),(2012,5,'migliorini.a@virgilio.it','MIGLIORINI ALESSANDRA'),(2013,5,'liana.ferrari@lifeagency.net','FERRARI LIANA'),(2014,5,'elena.ricci@gmail.com','RICCI ELENA'),(2015,5,'bergamini.alessia@libero.it','BERGAMINI ALESSIA'),(2016,5,'carmen.fasano@alice.it','FASANO CARMEN'),(2017,5,'lorenzosatti@gmail.com','SATTI LORENZO'),(2018,5,'bepsontheworld@hotmail.it','CAMBI GIUSEPPE'),(2019,5,'rickandrock@gmail.com','HUTTON RICK'),(2020,5,'colombo_jacopo@virgilio.it','COLOMBO IACOPO'),(2021,5,'goich@matecitalia.com','GOICH MATTEO'),(2022,5,'giannidemaria63@gmail.com','DE MARIA GIOVANNI'),(2023,5,'amdaelisa@gmail.com','MENCARONI ANDREA'),(2024,5,'munaspicer@gmail.com','SPICER MUNA'),(2025,5,'f.marcheschi@tin.it','MARCHESCHI FABIO'),(2026,5,'cocisrl@alice.it','CIRCOSTA ANDREA'),(2027,5,'17novembre2005@libero.it','MARIOTTI FABIO'),(2028,5,'letopino@virgilio.it','LETO GIUSEPPE'),(2029,5,'queenelisabetta1@virgilio.it','CAPACCI ELISABETTA'),(2030,5,'jonathanpiagentini@gmail.com','PIAGENTINI JONATHAN'),(2031,5,'letialedda@gmail.com','ALEDDA LETIZIA'),(2032,5,'josiloirinhas@hotmail.com','DE SOUZA JOSIANE'),(2033,5,'beatricetdesign@live.it','TACCINI BEATRICE'),(2034,5,'a.giagnetich@virgilio.it','GIAGNETICH AURA'),(2035,5,'dgfedra@gmail.com','GARGARI DANIELA'),(2036,5,'ruganboy@alice.it','RUGANI CLAUDIO'),(2037,5,'rosquarta@yahoo.it','QUARTA ROSSELLA'),(2038,5,'giacomodellosso@gmail.com','DELLOSSO GIACOMO'),(2039,5,'a.iozzo@iol.it','IOZZO ALDO'),(2040,5,'n.cinquini@novimpianti.com','CINQUINI NICO'),(2041,5,'luilay@alice.it','MORETTI ILARIA'),(2042,5,'diatzfabri@tiscali.it','DIATZ FABRIZIO'),(2043,5,'rcassettari.marmoteca@gmail.com','CASSETTARI RAFFAEL'),(2044,5,'michele.samitate@libero.it','SANITATE MICHELE'),(2045,5,'sara.traina@libero.it','TRAINA SARA'),(2046,5,'alex-70@hotmail.it','FARNESI ALESSANDRO'),(2047,5,'marisabecuzzi@virgilio.it','BECUZZI MARISA'),(2048,5,'maltomini@katamail.com','MALTOMINI DIEGO'),(2049,5,'fabriziasoli@libero.it','SOLI FABRIZIA'),(2050,5,'manuelba@live.it','BALESTRA MANUEL'),(2051,5,'alessandra.minutolitegrimi@gmail.com','SANDRELLI ALESSANDRA'),(2052,5,'mannyvanel@hotmail.it','VANELLI MANUELA'),(2053,5,'dida1991@hotmail.it','GALEOTTI ELISA'),(2054,5,'lugcarlo_1965@libero.it','SIMONINI CARLO'),(2055,5,'carraa@libero.it','CARRO ANTONELLA'),(2056,5,'pattigo@teletu.it','GORI PATRIZIA'),(2057,5,'nuovavasi@alice.it','FAGIOLINI ANDREA'),(2058,5,'project@danteolicurgo.it','CECCOTTI MASSIMO'),(2059,5,'p.merlino@live.it','MERLINO PAOLO'),(2060,5,'eziogabbani@yahoo.it','GABBANI EZIO'),(2061,5,'luisagresran@libero.it','CANDIDA DE MATTEO GENNARO'),(2062,5,'maria.stella.83@alice.it','SEMERARO MARIA STELLA'),(2063,5,'giancarlocarmassi@alice.it','ANTON GIOVANNI FRANCESCA'),(2064,5,'luciamencacci@inwind.it','MENCACCI LUCIA'),(2065,5,'orsilucia@yahoo.it','ORSI LUCIA'),(2066,5,'alessiodelgrande@virgilio.it','DEL GRANDE ALESSIO'),(2067,5,'saraformicola@yahoo.com','FORMICOLA SARA'),(2068,5,'francogabrielli64@virgilio.it','BRACALI SONIA'),(2069,5,'signo74@gmail.com','SIGNORINI LUCA'),(2070,5,'laurabaglini@virgilio.it','BAGLINI LAURA'),(2071,5,'fabrizio.sugarelli@gmail.com','SUGARELLI FABRIZIO'),(2072,5,'o.castiglioni@bell-motohelments.com','CASTIGLIONI OSVALDO'),(2073,5,'silviaredini@libero.it','REDINI SILVIA'),(2074,5,'bertolinisabri@gmail.com','BERTOLINI SABRINA'),(2075,5,'carlascardigli@yahoo.it','SCARDIGLI CARLA'),(2076,5,'antonella2601@libero.it','SERENI ANTONELLA'),(2077,5,'annarosacasella@hotmail.it','CASELLA ANNAROSA'),(2078,5,'elisafattore@gmail.com','FATTORE ELISA'),(2079,5,'avv.giovannibianchini@gmail.com','BIANCIANI GIOVANNI'),(2080,5,'gianni.parrini@gmail.com','PARRINI GIANNI'),(2081,5,'milladpio@gmail.com','PIO CAMILLA DOROTHEA'),(2082,5,'silvamopiace@gmail.com','PIACENTINI ALBERTO SILVANO'),(2083,5,'franci.spina@libero.it','SPINA FRANCESCA'),(2084,5,'diletta86@live.it','MARIANELLI DILETTA'),(2085,5,'simone.giannetti@omegatech.it','GIANNETTI SIMONE'),(2086,5,'alemaas@gmail.com','TOZZINI ALESSANDRO'),(2087,5,'battistoni.gm@tin.it','BATTISTONI MARCO'),(2088,5,'polialdo@alice.it','BATTISTONI MARIA GIUSEPPINA'),(2089,5,'ale.flam@libero.it','BARTALINI CATERINA'),(2090,5,'barsantiemanuele@gmail.com','BARSANTI EMANUELE'),(2091,5,'miatius88@libero.it','MARTINELLI MATILDE'),(2092,5,'monicabaldi61@gmail.com','BALDI MONICA'),(2093,5,'cance@mensa.it','CANCELLOTTI FRANCESCO'),(2094,5,'davinimax@gmail.com','DAVINI MASSIMO'),(2095,5,'mauriziocasini@gmail.com','CASINI MAURIZIO'),(2096,5,'brunella@mobileemail.vodafone.it','ANDREONI BRUNELLA'),(2097,5,'michela.maielli@virgilio.it','MAIELLI MICHELA'),(2098,5,'fioangi@alice.it','FIORAVANTI MARIANGELA'),(2099,5,'gianlucaboccia77@gmail.com','BOCCIA GIANLUCA'),(2100,5,'johnnyfly@live.it','MOSCA JOHN SOSSIO'),(2101,5,'aldothewing@alice.it','LO TENERO ALDO'),(2102,5,'claudio1657@alice.it','PUCCIARELLI MANUELA'),(2103,5,'simoneg1986@hotmail.com','GRANDI SIMONE'),(2104,5,'raoul.nalin@fastwebnet.it','NALIN RAOUL'),(2105,5,'martinaalessandri@hotmail.it','ALESSANDRI MARTINA'),(2106,5,'angela.bianchini8j5h@alice.it','BIANCHINI ANGELA'),(2107,5,'silvia.don@tiscali.it','DONADEO SILVIA'),(2108,5,'marco.giometti@gmail.com','SERGI MANUELA'),(2109,5,'salvatorebiggi@libero.it','BIGGI SALVATORE'),(2110,5,'rembrano62@virgilio.it','GUIDI STEFANO'),(2111,5,'crisgroger@libero.it','GROGER CRIS'),(2112,5,'squarcio69@hotmail.it','SQUARCINI ANDREA'),(2113,5,'sadi72@hotmail.it','HAYDARMATAY MERITA'),(2114,5,'giuseppebarachini@yahoo.it','BARACHINI GIUSEPPE'),(2115,5,'biagiobuonora@virgilio.it','BUONORA BIAGIO'),(2116,5,'stefania.galligani@alice.it','GALLIGANI STEFANIA'),(2117,5,'alessandro.becciu@gmail.com','BECCIU ALESSANDRO'),(2118,5,'panferova.e@gmail.com','PANFEROVA EKATERINA'),(2119,5,'mau.veroni@tin.it','VERONI MAURIZIO'),(2120,5,'ccavaceppi@libero.it','CAVACEPPI CRISTINA'),(2121,5,'daniele.ferrari@dssmitch.eu','FERRARI DANIELE'),(2122,5,'fausto.covelluzzi@gmail.com','COVELLUZZI FAUSTO'),(2123,5,'maria.mazzoni@farm.unipi.it','MAZZONI MARIA'),(2124,5,'martafontana1967@tiscali.it','FONTANA MARTA'),(2125,5,'mpvanini@gmail.com','VANINI MARIA PIA'),(2126,5,'paolo.boezi@gmail.com','BOEZI PAOLO'),(2127,5,'pardossiromano@gmail.com','PARDOSSI ROMANO'),(2128,5,'bengian2002@libero.it','BENIGNO GIUSEPPE'),(2129,5,'accia81@yahoo.it','ZANNI SILVIA'),(2130,5,'rufus@pratonotizie.it','FANTI MARCO'),(2131,5,'gabriele.romb@gmail.com','ROMBOLI GABRIELE'),(2132,5,'gianniniantonio66@alice.it','GIANNINI ANTONIO'),(2133,5,'aurastamate@libero.it','STAMATE AURELIA'),(2134,5,'gfp@firstmind.dk','GITTE FINNICH PEDERSEN'),(2135,5,'klasimo@hotmail.com','TOMASELLI CLAUDIO'),(2136,5,'simonettielisa@hotmail.it','SIMONETTI ELISA'),(2137,5,'dominiquecasa@tiscali.it','CASALI DOMINIQUE'),(2138,5,'dylanseventy6@hotmail.it','PIERONI MIRKO'),(2139,5,'tolomeo.lt@tin.it','TOLOMEO MARIO'),(2140,5,'andrea_nutini@yahoo.it','NUTINI ANDREA'),(2141,5,'molinaro.marco@virgilio.it','MOLINARO MARCO'),(2142,5,'stef.bonini@gmail.com','BONINI STEFANO'),(2143,5,'copuhouse@fastwebnet.it','TOMAGRA BARBARA'),(2144,5,'pisapatrizia@hotmail.it','PALAGIANO PATRIZIA'),(2145,5,'lu.santoro@trenitalia.it','SANTORO LUIGI'),(2146,5,'denise.dalcerro@aliceposta.it','DAL CERRO DENISE'),(2147,5,'ceisilvia@yahoo.it','CEI SILVIA'),(2148,5,'mariluca@hotmail.it','CORBO MARIA CONCETTA'),(2149,5,'g.lazzareschi@virgilio.it','LAZZARESCHI GIULIO'),(2150,5,'tiziano.pieretti@gmail.com','PIERETTI TIZIANO'),(2151,5,'sara.nottoli@libero.it','NOTTOLI SARA'),(2152,5,'adilen@alice.it','FERRARO NELIDA'),(2153,5,'matteo_malacarne@libero.it','MALACARNE MATTEO'),(2154,5,'maugallo@hotmail.it','GALLETTI MAURIZIO'),(2155,5,'mardora@gmail.com','MAROTTA DORA'),(2156,5,'raffaelenuzzi6@gmail.com','NUZZI RAFFAELE'),(2157,5,'ilducabianco1964@hotmail.it','LEONARDI GIOVANNI'),(2158,5,'florianalopresti@virgilio.it','LO PRESTI COSTANTINO FLORIANA'),(2159,5,'rosalbaconte@teletu.it','CONTE ROSALBA'),(2160,5,'neneducicnati@gmail.com','GORI VALENTINA'),(2161,5,'ss4766@libero.it','SUCCI STEFANO'),(2162,5,'manuelalupi@email.it','LUPI MANUELA'),(2163,5,'lamorali@gmail.com','MORALI MONICA'),(2164,5,'pignato.maurizio@generali.it','PIGNATO MAURIZIO'),(2165,5,'alessandra-nardone@virgilio.it','NARDONE ALESSANDRA'),(2166,5,'balda-ste@libero.it','BALDASSINI STEFANO'),(2167,5,'venturinivalentina@ymail.com','VENTURINI VALENTINA'),(2168,5,'v.dangelo30@gmail.com','DANGELO VANESSA'),(2169,5,'andrea.mariani@gmx.it','MARIANI ANDREA'),(2170,5,'dede1986@live.it','PELLEGRINI FEDERICA'),(2171,5,'alessandradelfrate@yahoo.it','DEL FRATE ALESSANDRA'),(2172,5,'marta_bonetti@hotmail.com','BONETTI MARTA'),(2173,5,'deboraliguori@gmail.it','LIGUORI DEBORA'),(2174,5,'sidonia77@live.it','DI STASIO SIDONIA'),(2175,5,'sereguido@tin.it','GUIDOTTI SERENA'),(2176,5,'chimera55@hotmail.it','LOMBARDI ERIKA'),(2177,5,'arturoriccardo@gmail.com','RICCARDO ARTURO'),(2178,5,'maraceccherelli@virgilio.it','CECCHERELLI MARA'),(2179,5,'letizia_bocchi@yahoo.it','BOCCHI LETIZIA'),(2180,5,'denia2@hotmail.it','BRUNO BRUNELLA'),(2181,5,'morona86@hotmail.it','PANTALEONI BARBARA'),(2182,5,'matteo_gori1@hotmail.it','GORI MATTEO'),(2183,5,'tonykaja@hotmail.it','KAJA AURORA'),(2184,5,'alessandropacenti@gmail.com','PACENTI ALESSANDRO'),(2185,5,'remotogna@email.it','TOGNA REMO'),(2186,5,'danieled65@gmail.com','PAONESSA ANTONELLA'),(2187,5,'rcaprai@virgilio.it','CAPRAI REBECCA'),(2188,5,'tridentiserena1@gmail.com','TRIDENTI SERENA'),(2189,5,'emarocchino@yahoo.it','MAROCCHINO MARIA EMANUELA'),(2190,5,'iacopodibugno@gmail.com','DI BUGNO IACOPO'),(2191,5,'fulvio.campodonico@gmail.com','RATTI MAIRA'),(2192,5,'lorenzomichelotti@gmail.com','MICHELOTTI LORENZO'),(2193,5,'maddalena_m@hotmail.it','MACCHIA MADDALENA'),(2194,5,'lucadini84@gmail.com','DINI LUCA'),(2195,5,'elena.giuli@yahoo.it','GIULI ELENA'),(2196,5,'ogla.vinogradova@aliceposta.it','ISOLANI ANASTASIA'),(2197,5,'elvi.se@libero.it','SHETA EDLIRA'),(2198,5,'giobar59@gmail.com','BARIGLIANO GIOVANNI'),(2199,5,'torri.gabriele@gmail.com','TORRI GABRIELE'),(2200,5,'mterconi@tin.it','TERCONI MARCO'),(2201,5,'stefano.orsi@hotmail.it','ORSI STEFANO'),(2202,5,'sarafilippi10@gmail.com','FILIPPI SARA'),(2203,5,'caterinafiorani@gmail.com','FIORANI CATIA'),(2204,5,'marcorettori.77@gmail.com','RETTORI MARCO'),(2205,5,'rossisere@gmail.com','ROSSI SERENA'),(2206,5,'elisalucherini@hotmail.it','LUCHERINI ELISA'),(2207,5,'sabrycorsi@libero.it','CORSI SABRINA'),(2208,5,'nicolapieri@hotamil.it','PIERI NICOLA'),(2209,5,'futurcasa@live.it','MONTELEONE CALOGERO'),(2210,5,'dario.delucadl@gmail.com','DE LUCA DARIO'),(2211,5,'giampaoloantoni@gmail.com','ANTONI GIAMPAOLO'),(2212,5,'elenapoltri@gmail.com','POLTRI ELENA'),(2213,5,'michelettiriccardo@hotmail.it','MICHELETTI RICCARDO'),(2214,5,'bimbigae@hotmail.it','BIMBI GAETANO'),(2215,5,'cecco.andreotti@libero.it','ANDREOTTI FRANCESCO'),(2216,5,'vanessa.anto@hotmail.it','LO TEMPIO ANTONELLA'),(2217,5,'annalisaf70@gmail.com','FERRI ANNALISA'),(2218,5,'robyplay@tin.it','GALLETTI ROBERTO'),(2219,5,'info@tomeidesign.com','TOMEI LUCA'),(2220,5,'supalak.tim@hotmail.com','VONGSUTHEE SUPALAK'),(2221,5,'antoni.s@tiscali.it','ANTONI SIMONA'),(2222,5,'alina-iuliana@live.com','IACOB IULIANA ALINA'),(2223,5,'elisabetta.stagi@gmail.com','STAGI ELISABETTA'),(2224,5,'mmarchino@sephora.fr','MARCHINO MARCO'),(2225,5,'dottmasalaangela@alice.it','MASALA ANGELA'),(2226,5,'kikkina1978@yahoo.it','CARUSO CRISTINA'),(2227,5,'leonefab@gmail.com','LEONE FABRIZIO'),(2228,5,'francesca_fini@virgilio.it','FINI FRANCESCA'),(2229,5,'dolceforno@hotmail.it','PIERETTI STEFANO'),(2230,5,'alice.leonardi86@hotmail.it','LEONARDI ALICE'),(2231,5,'lucianacardillo@hotmail.it','CARDILLO LUCIANA'),(2232,5,'tizianapedani@gmail.com','PEDANI TIZIANA'),(2233,5,'jacopoorlanducci@yahoo.it','ORLANDUCCI JACOPO'),(2234,5,'gricci@tiscali.it','RICCI GIANLUCA'),(2235,5,'claudiotori@ymail.com','TORI CLAUDIO'),(2236,5,'smantovani2@gmail.com','MANTOVANI SERENA'),(2237,5,'mpollastrini@virgilio.it','POLLASTRINI MANUELA'),(2238,5,'tommasocosta@hotmail.com','COSTA TOMMASO'),(2239,5,'marinabrenna@gmail.com','BRENNA MARINA'),(2240,5,'emese.gaal@yahoo.it','GAAL EMESE ADRIENN'),(2241,5,'masini.donatella@alice.it','MASINI DONATELLA'),(2242,5,'mazzitelli.sara@libero.it','MAZZITELLI SARA'),(2243,5,'bertini.mt@gmail.com','PUCCI ELISA'),(2244,5,'diamantamico01@gmail.com','CIOCA DIANA'),(2245,5,'tomad66@gmail.com','TOMADINI STEFANO'),(2246,5,'annetta_2@hotmail.it','MANFREDINI ANNA'),(2247,5,'annalisacinque@alice.it','CINQUE ANNALISA'),(2248,5,'simona65.c@gmail.com','CARMIGNANI SIMONA'),(2249,5,'alessiobertoli79@virgilio.it','BERTOLI ALESSIO'),(2250,5,'alessandradavini@gmail.com','DAVINI ALESSANDRA'),(2251,5,'santonifederico@yahoo.it','SANTONI FEDERICO'),(2252,5,'beram16@gmail.com','BERARDINELLI MAURO'),(2253,5,'manueladesimoni@libero.it','DE SIMONI MANUELA'),(2254,5,'gtazzioli@virgilio.it','TAZZIOLI GIUSEPPINA'),(2255,5,'mariasaetta@live.it','SAETTA MARIA'),(2256,5,'tesicore2@gmail.com','SORRENTINO LISA'),(2257,5,'maddalena.domenici@virgilio.it','DOMENICI MADDALENA'),(2258,5,'caverniclaudia@gmail.com','CAVERNI CLAUDIA'),(2259,5,'laangel83@yahoo.it','ANGELI LAURA'),(2260,5,'info@puntointesa.it','PALAGI SIMONE'),(2261,5,'kevincinelli@hotmail.it','CINELLI KEVIN'),(2262,5,'stefanoandreuccetti@alice.it','ANDREUCCETTI STEFANO'),(2263,5,'ross2000@hotmail.it','OPILIO ROSSANA'),(2264,5,'el_tuko@hotmail.it','BINI ANDREA'),(2265,5,'m.tambellini@me.com','TAMBELLINI MICHELE'),(2266,5,'avv.gaiavolpi@tiscali.it','VOLPI GAIA'),(2267,5,'belloria@hotmail.it','BALDINI MATILDE'),(2268,5,'omicalizzi@garzelli.it','MICALIZZI ORNELLA'),(2269,5,'elena_poli@inwind.it','POLI ELENA'),(2270,5,'luisanatucci@hotmail.it','NATUCCI LUISA'),(2271,5,'cmanu19@gmail.com','CIONI MANUELA'),(2272,5,'elettrobartaloni@hotmail.com','BARTALONI NICO'),(2273,5,'tiziana.milani@libero.it','MILANI TIZIANA'),(2274,5,'franci.lisa@yahoo.it','FRANCI LISA'),(2275,5,'paulinaabber@libero.it','ABBER PAULINA'),(2276,5,'beatricegp@gmail.com','GONELLA PACCHIOTTI BEATRICE'),(2277,5,'tizianag@virgilio.it','CRISCUOLI TIZIANA'),(2278,5,'rossella.robertiello@virgilio.it','ROBERTIELLO ROSA'),(2279,5,'ary.poli@libero.it','POLI ARIANNA'),(2280,5,'albagi@hotmail.it','GIRALDO ALBA'),(2281,5,'paolo.lazzerini@iwalivorno.it','LAZZERINI PAOLO'),(2282,5,'aeg.lucchesi@alice.it','LUCCHESI ALBERTO'),(2283,5,'costagli@egimmobiliare.it','COSTAGLI MAURO'),(2284,5,'francescatolomei@virgilio.it','TOLOMEI FRANCESCA'),(2285,5,'debora.dinero@gmail.com','DI NERO DEBORA'),(2286,5,'emanuelagaligani@rusticisrl.com','GALIGANI EMANUELA'),(2287,5,'armandocolacino@libero.it','COLACINO ARMANDO'),(2288,5,'danielenegri@hotmail.com','NEGRI DANIELE'),(2289,5,'cinziacapecchi@yahoo.it','CAPECCHI CINZIA'),(2290,5,'baritimanuela@libero.it','BARITI MANUELA'),(2291,5,'mingaronialessandro@libero.it','MINGARONI ALESSANDRO'),(2292,5,'paolo@paolosartini.com','SARTINI PAOLO'),(2293,5,'marta2francesconi@gmail.com','FRANCESCONI MARTA'),(2294,5,'tilly0309@hotmail.com','LENZI SANDRA'),(2295,5,'giacomobaldaccini@hotmail.it','BALDACCINI GIACOMO'),(2296,5,'kajena19@gmail.com','KADELSKI JACEK'),(2297,5,'moscardinimaria@gmail.com','MOSCARDINI MARIA'),(2298,5,'argentinos78@gmail.com','OLIVA DONATO'),(2299,5,'raffdina@alice.it','RUSSO GIUSEPPINA'),(2300,5,'fabio.venturi@fastwebnet.it','VENTURI FABIO'),(2301,5,'erikamandoli@gmail.com','MANDOLI ERIKA'),(2302,5,'ilaria87@tin.it','PARENTI CARLA'),(2303,5,'antoniofoglia70@yahoo.it','FOGLIA ANTONIO'),(2304,5,'ilariasbrana@yahoo.it','SBRANA ILARIA'),(2305,5,'larabasili@ymail.com','BASILI LARA'),(2306,5,'cornacchiapsicologo@tiscali.it','CORNACCHIA VITO MICHELE'),(2307,5,'n.gini1964@gmail.com','GINI NADIA'),(2308,5,'fedetalo@gmail.com','TALINI FEDERICO'),(2309,5,'filippo@studiopanebianco.com','PANEBIANCO FILIPPO'),(2310,5,'racchetta2006@yahoo.it','BARTOLOZZI ROBERTO'),(2311,5,'laurapaterni@gmail.com','PATERNI LAURA'),(2312,5,'monicacresti@icloud.com','RICCI MONICA'),(2313,5,'spirito1965@libero.it','DELLAMICO ENRICO'),(2314,5,'c.dolciotti@gmail.com','DE SIMONI ANTONIO'),(2315,5,'marta.luchi@hotmail.it','PACINI LUCIA'),(2316,5,'silviadionisio8@gmail.com','DIONISIO SILVIA'),(2317,5,'enricadelguerra@libero.it','DEL GUERRA ENRICA'),(2318,5,'scapecchimaurizio@virgilio.it','SCAPECCHI MAURIZIO'),(2319,5,'giustinicolalucca@libero.it','GIUSTI NICOLA'),(2320,5,'elisacerof@gmail.com','CEROFOLINI ELISA'),(2321,5,'carmen@pieretti.it','PIERETTI CARMEN'),(2322,5,'nicolettesluyter@gmail.com','SLUYTER NICOLETTE'),(2323,5,'fontana.natalia@yahoo.com','FONTANA NATALIA'),(2324,5,'morellialfa@hotmail.com','MORELLI ALESSANDRO'),(2325,5,'stefano.giannecchi@tin.it','GIANNECCHINI STEFANO'),(2326,5,'andreajuza@gmail.com','SIMI ANDREA'),(2327,5,'alessia71@hotmail.it','LUCACCINI FABIO'),(2328,5,'vania73@gmail.com','FERRARI VANIA'),(2329,5,'leonardo.del.prete@alice.it','RIMEDIATI LARA'),(2330,5,'gaetanomezzatesta88@gmail.com','MEZZATESTA GAETANO'),(2331,5,'maranatucci@maranatucci.it','NATUCCI MARA'),(2332,5,'lorenagrassi18@gmail.com','GRASSI LORENA'),(2333,5,'daniele_adamo@yahoo.it','ADAMO DANIELE'),(2334,5,'cola76@libero.it','COLA RICCARDO'),(2335,5,'eny@iol.it','UGOLINI ENY'),(2336,5,'massimosenzatelefono@gmail.com','FRASCHI MASSIMO'),(2337,5,'napolitano812003@yahoo.it','NAPOLITANO GIOVANNI'),(2338,5,'mangognab@libero.it','GALLETTA GIULIANA'),(2339,5,'michela.turri@tin.it','TURRI MICHELA'),(2340,5,'claudia.ricci88@gmail.com','RICCI CLAUDIA'),(2341,5,'fabianavallone@libero.it','VALLONE FABIANA'),(2342,5,'andrea-russo@hotmail.it','RUSSO ANDREA'),(2343,5,'orietalazri@gmail.com','LAZRI ORIEZA'),(2344,5,'mariannasavonetti@hotmail.it','SAVONETTI MARIANNA'),(2345,5,'ribert@iol.it','BERTANI RICCARDO'),(2346,5,'umanbeen@gmail.com','LOMBARDI DANIELE'),(2347,5,'serenasolda@libero.it','SOLDAINI SERENA'),(2348,5,'giulia.albani87@gmail.com','ALBANI GIULIA'),(2349,5,'daniel.bozzoli@virgilio.it','BOZZOLI DANIEL VICTOR'),(2350,5,'grisu74@inwind.it','CODELUPPI ENZO'),(2351,5,'leonardo.guidini@alice.it','GUIDINI LEONARDO'),(2352,5,'lucmar6364@alice.it','ODDONE MARCO'),(2353,5,'maurizio496@intefree.it','ROSONI MAURIZIO'),(2354,5,'chiara.deltessandoro@avanzi.com','DEL TESSANDORO CHIARA'),(2355,5,'oliviapasquali@libero.it','PASQUALI OLIVIA'),(2356,5,'alan.perugini@gmail.com','PERUGINI ALAN'),(2357,5,'duilio.graziani@alice.it','SELMI AURORA'),(2358,5,'nadavies@gmail.com','VESTRUCCI NADIA'),(2359,5,'mariobanducci@alice.it','BANDUCCI MARIO'),(2360,5,'carolinam@live.it','MARCHI CAROLINA'),(2361,5,'michele_padrone@yajoo.it','PADRONE MICHELE'),(2362,5,'andre_ghela@hotmail.it','GHELARDONI ANDREA'),(2363,5,'giannoni35@gmail.com','GIANNONI MICHAEL'),(2364,5,'valtercini@gmail.com','CINI VALTER'),(2365,5,'simone.borse@gmail.com','SALCUNI SIMONE'),(2366,5,'rossanavaccaro2@gmail.com','VACCARO ROSSANA'),(2367,5,'incerpia@alice.it','INCERPI ALESSANDRO'),(2368,5,'marica.menici@gmail.com','MENICI MARICA'),(2369,5,'christinainlucca@aol.com','LAVERTA CRISTINA'),(2370,5,'elisabalsamo@tiscali.it','BALSAMO ELISA'),(2371,5,'sophie@palm-yachting.com','MICALI SOPHIE'),(2372,5,'stefania.pomdi@hotmail.it','PONDI STEFANIA'),(2373,5,'eleonoracatarsi@hotmail.com','CATARSI ELEONORA'),(2374,5,'robertamastagni@gmail.com','MASTAGNI ROBERTA'),(2375,5,'corrada.bolcioni@gmail.com','BOLCIONI CORRADA'),(2376,5,'marina.delcoppo@istruzione.it','DEL COPPO MARINA'),(2377,5,'mariellace74@hotmail.com','CONDORI ESTRADA MARIELLA'),(2378,5,'sabrinabonini972@gmail.com','BONINI SABRINA'),(2379,5,'d.pasquini@yahoo.it','PASQUINI DILETTA'),(2380,5,'r.dimuro68@gmail.com','DI MURO ROBERTO'),(2381,5,'laura@rarilivorno.it','PALANDRI LAURA'),(2382,5,'ch.innocenti@libero.it','INNOCENTI CHRISTIAN'),(2383,5,'taziojunior@libero.it','ROSSI FEDERICA'),(2384,5,'paolodeldebbio1@virgilio.it','DEL DEBBIO PAOLO'),(2385,5,'c.sandroni@alice.it','SANDRONI MARIA CRISTINA'),(2386,5,'arual.bri@hotmail.it','BRISCIANO LAURA'),(2387,5,'sagacross@tiscali.it','PALMERINI SANDRO'),(2388,5,'alfio.pelli@tiscali.it','PELLI ALFIO'),(2389,5,'marianna.stio@libero.it','STIO MARIANNA'),(2390,5,'silvia.doganieri@vodafone.com','DOGANIERI SILVIA'),(2391,5,'iacopetti.massimo@libero.it','IACOPETTI MASSIMO'),(2392,5,'a_lazzeri@libero.it','LAZZERI ALESSANDRA'),(2393,5,'gabriele.baccei@hotmail.it','BACCEI GABRIELE'),(2394,5,'svitlana89@hotmail.com','POGORILA SVITLANA'),(2395,5,'paola.paoli.57@virgilio.it','PAOLI PAOLA'),(2396,5,'avv.tommaso.confortini@gmail.com','CONFORTINI TOMMASO'),(2397,5,'giusybarsi@libero.it','BARSI MARIA GIUSTINA'),(2398,5,'pialucchesi@gmail.com','LUCCHESI PIA'),(2399,5,'s.rossignoli@sssup.it','ROSSIGNOLI SERENA'),(2400,5,'andrea.ercolini@alice.it','ERCOLINI ANDREA'),(2401,5,'marcocambi12@gmail.com','CAMBI MARCO'),(2402,5,'daniele.pretini@bassilichi.it','PRETINI DANIELE'),(2403,5,'matteo.lazzarini@hotmail.it','LAZZARINI MATTEO'),(2404,5,'terrenimassimiliano@gmail.com','TERRENI MASSIMILIANO'),(2405,5,'tittina33@virgilio.it','DI NASO TECLA'),(2406,5,'batuffolo980@virgilio.it','RICCARDO ORSOLA'),(2407,5,'m.giulia.galluzzi@gmail.com','GALLUZZI MARIA GIULIA'),(2408,5,'chiara.bartolini19@gmail.com','BARTOLINI CHIARA'),(2409,5,'eugenia.suna@virgilio.it','SUNA EUGENIA'),(2410,5,'palombapatriziav@gmail.com','PALOMBA PATRIZIA VITTORIA'),(2411,5,'giuseppecarrisi@alice.it','CARRISI GIUSEPPE'),(2412,5,'andreatommei@alice.it','TOMMEI ANDREA'),(2413,5,'emi@tiscali.it','ZACCAGNINI EMILIANO'),(2414,5,'lisa.giovannetti@hotmail.it','GIOVANNETTI LISA'),(2415,5,'lissimazzilli@gmail.com','MAZZILLI LUISELLA'),(2416,5,'carlostraface@alice.it','STRAFACE CARLO'),(2417,5,'fabrice@fabricebouverat.com','BOUVERAT FABRICE'),(2418,5,'emalembo@virgilio.it','LEMBO EMANUELE'),(2419,5,'angelica574@gmail.com','RUSU ANGELICA'),(2420,5,'mariani.mauromario@gmail.com','MARIANI MAURO MARIO'),(2421,5,'lorenzomasi81@gmail.com','MASI LORENZO'),(2422,5,'c.vannas@virgilio.it','VANNAS CHRISTOS'),(2423,5,'chiara.cortini.79@gmail.com','CORTINI CHIARA'),(2424,5,'piazza.andre@libero.it','PIAZZA ANDREA'),(2425,5,'acappelletti70@gmail.com','CAPPELLETTI ALESSANDRO'),(2426,5,'roberto_menichetti@libero.it','MENICHETTI ROBERTO'),(2427,5,'tronchettig@hotmail.it','TRONCHETTI GIULIO'),(2428,5,'serena.matteoli@me.com','MATTEOLI SERENA'),(2429,5,'caluri.ilaria@alice.it','CALURI ILARIA'),(2430,5,'agnesepasserotti@libero.it','PASSEROTTI AGNESE'),(2431,5,'f.panelli@hotmail.it','PANELLI FRANCESCO'),(2432,5,'carlo.bazzocchi@yahoo.com','BAZZOCCHI CARLO'),(2433,5,'letyricci@yahoo.it','RICCI MARIA LETIZIA'),(2434,5,'zingaropietro@gmail.com','ZINGARO PIETRO'),(2435,5,'evasolinas@hotmail.it','SOLINAS EVA'),(2436,5,'deianaquality@gmail.com','DEIANA VINCENZO'),(2437,5,'tommytogni89@gmail.com','TOGNI TOMMASO'),(2438,5,'lauramare.lm@libero.it','MARE LAURA'),(2439,5,'nadiacarrabs@virgilio.it','CARRABS NADIA'),(2440,5,'avv.datofori@libero.it','DA TOFORI ORNELLA'),(2441,5,'marilenafiorillo@virgilio.it','FIORILLO MARILENA'),(2442,5,'norgeross@libero.it','ROSS NORGE'),(2443,5,'ivogar59@gmail.com','BIAGINI ALESSANDRO'),(2444,5,'annika60@hotmail.it','SIMONELLI MARIA ANNUNZIATA'),(2445,5,'lety_bordoni@hotmail.com','BORDONI LETIZIA'),(2446,5,'gabriella.pedonesi@gmail.it','PEDONESI GABRIELLA'),(2447,5,'patrizia.lombardelli@libero.it','LOMBARDELLI PATRIZIA'),(2448,5,'avvocatobrancoli@gmail.com','BRANCOLI PANTERA MARCO'),(2449,5,'alessandrabrega@alice.it','BREGA ALESSANDRA'),(2450,5,'cortieli@hotmail.it','CORTI ELISABETTA'),(2451,5,'p.deldotto@tin.it','DEL DOTTO PAOLO'),(2452,5,'valeria-lustri@libero.it','LUSTRI VALERIA'),(2453,5,'ecrosi@tin.it','LORENZINI ALESSANDRO'),(2454,5,'chetimartinucci@libero.it','MARTINUCCI CHETI'),(2455,6,'sandro.taranghelli@gmail.com','TARANGHELLI SANDRO'),(2456,6,'roby.bagnoli@gmail.com','CAMPANARI RITA'),(2457,6,'annette_1978@virgilio.it','NOCERINO ANNA'),(2458,6,'laryska1970@gmail.com','SHEVCHENKO LARYSA'),(2459,6,'brunettifrancesca91@gmail.com','BRUNETTI FRANCESCA'),(2460,6,'elenasantagati@yahoo.it','SANTAGATI ELENA'),(2461,6,'sama88@internetlibero.it','MANTELLASSI STEFANIA'),(2462,6,'alessandro.barsotti@alice.it','BARSOTTI ALESSANDRO'),(2463,6,'stefaniavazzano@libero.it','VAZZANO STEFANIA'),(2464,6,'laludimare@libero.it','DOMENICHINI LAURA'),(2465,6,'maa.follonica@virgilio.it','FABBRI GIULIANA'),(2466,6,'angelscricciola@yahoo.it','VILLANI ANGELA'),(2467,6,'guido162za@gmail.it','SIMONCINI SIMONE'),(2468,6,'jacopo.muratori@yahoo.it','MURATORI JACOPO'),(2469,6,'panifederico@virgilio.it','PANI FEDERICO'),(2470,6,'eugenialyashuk_2012@libero.it','OTTOCHKA OLENA'),(2471,6,'verocap77@libero.it','CAPRARO VERONICA'),(2472,6,'arduino21@email.it','TRAPANI VINCENZO'),(2473,6,'roberta@fontino.it','SCHIAVETTI ROBERTA'),(2474,6,'casseri.rappresentanze@tin.it','CASSERI RICCARDO'),(2475,6,'eleonora.negri80@gmail.com','NEGRI ELEONORA'),(2476,6,'m.noti@virgilio.it','GIUNTINI ELENA'),(2477,6,'domingos_mc@libero.it','MARTINI CLAUDIO'),(2478,6,'fabynasp@hotmail.it','NASPINI FABIANA'),(2479,6,'elios.bellucci@alice.it','BELLUCCI ELIOS'),(2480,6,'pietrinimartinucci@alice.it','MARTINUCCI MARIA'),(2481,6,'gondales@live.it','RINALDO MARIA'),(2482,6,'alessandra.gattoli@alice.it','GATTOLI ALESSANDRA'),(2483,6,'cheghe@hotmail.com','LEVANTE FRANCESCO'),(2484,6,'margherita.desanti@gmail.com','DE SANTI MARGHERITA'),(2485,6,'a.r.gentili@alice.it','GENTILI MARIA LUISA'),(2486,6,'zizzi63@gmail.com','GUIDERI SILVIA'),(2487,6,'barby.67@libero.it','COCCONCELLI BARBARA'),(2488,6,'bellini_benedetta@yahoo.it','BELLINI BENEDETTA'),(2489,6,'romy712008@hotmail.it','BIUZZI ROMINA'),(2490,6,'roberto.olianti@libero.it','OLIANTI ROBERTO'),(2491,6,'mauro.cozzolino@alice.it','COZZOLINO MAURO'),(2492,6,'c.pietrini@tsf.it','PIETRINI CRISTINA'),(2493,6,'pbracciali@gmail.com','BRACCIALI PAOLO'),(2494,6,'ape37@tiscali.it','ROSSI NICCOLO'),(2495,6,'cristina-rocchi@virgilio.it','BONGINI DAVID'),(2496,6,'lindacaroti@libero.it','CAROTI LINDA'),(2497,6,'lina.marzia@system-data.it','MARZIA LINA'),(2498,6,'andrea.neri@mak3.it','NERI ANDREA'),(2499,6,'raffaella.buscemi@libero.it','BUSCEMI RAFFAELLA'),(2500,6,'alessiogiannini@yahoo.it','GIANNINI ALESSIO'),(2501,6,'annapermyakova@yahoo.it','PERMYAKOVA ANNA'),(2502,6,'silvia.bicci23@gmail.com','BICCI SILVIA'),(2503,6,'info@colomboimmobiliare.it','CAPPELLINI ALFREDA'),(2504,6,'caddeoandrea@libero.it','CADDEO ANDREA'),(2505,6,'martinaticciati@alice.it','TICCIATI MARTINA'),(2506,6,'a.zinali@alice.it','SANTINI MARCELLA'),(2507,6,'anna.tolo@alice.it','GALATOLO ANNA'),(2508,6,'info@realestatesantini.it','SANTINI STEFANO'),(2509,6,'elena.lorenzano@gmail.com','LORENZANO ELENA'),(2510,6,'fcalzolari@ymail.com','CALZOLARI FEDERICO'),(2511,6,'gabr87@live.com','NOCENTI GABRIELE'),(2512,6,'vannini.s@libero.it','VANNINI ANGELA'),(2513,6,'carmen65alba@yahoo.it','CODREANU CARMEN'),(2514,6,'extrosuvereto@alice.it','BASSO MARIANGELA'),(2515,6,'lanuovaforneria@gmail.com','VACCARO ROSANNA'),(2516,6,'gasoline23@virgilio.it','SETTEMBRETTI BARBARA'),(2517,6,'gasoline23@virgilio.it','PAVIN SONIA'),(2518,6,'ata61@live.it','RATTI RITA'),(2519,6,'piergiulia@hotmail.it','PIERGENTILI GIULIA'),(2520,6,'andre984@live.it','BIAGI ANDREA'),(2521,6,'niclagiustarini@virgilio.it','GIUSTARINI NICLA'),(2522,6,'elisa.sprugnoli@email.it','SPRUGNOLI ELISA'),(2523,6,'apedrottidellacqua@hotmail.com','PEDROTTI DELLACQUA ALICE STEFANIA'),(2524,6,'luciafedeli79@libero.it','FEDELI LUCIA'),(2525,6,'lostfare@hotmail.it','PEVERINI STEFANO'),(2526,6,'bargagli.auro@tiscali.it','MOSCHINI SILVANA'),(2527,6,'lo.deb@virgilio.it','DEBIDDA ANTONELLA'),(2528,6,'adriana.1949@libero.it','NERI ADRIANA'),(2529,6,'luigi@dellamarra.it','DELLA MARRA LUIGI'),(2530,6,'bartalini.e@gmail.com','BARTALINI ELENA'),(2531,6,'globa55@hotmail.com','BARRELLA GLORIA'),(2532,6,'ciani.angiolo@libero.it','CIANI ANGIOLO'),(2533,6,'a.parrini@usl9.it','PARRINI ALESSANDRA'),(2534,6,'francesca.crecchi@sintecnica.it','CRECCHI FRANCESCA'),(2535,6,'julebusch@hotmail.com','BUSCH JULIANE'),(2536,6,'giabbani.e@alice.it','GIABBANI EMILIANO'),(2537,6,'moira_lecci@libero.it','LECCI MOIRA'),(2538,6,'andra_tzutza@yahoo.com','TUTUIANU ALEXANDRA'),(2539,6,'longobuccofrancesca@libero.it','LONGOBUCCO FRANCESCA'),(2540,6,'agata.gallina@yahoo.it','GALLINA AGATA'),(2541,6,'giannadg_86@yahoo.it','DEL GAUDIO GIANNA'),(2542,6,'anna.marcovaldi@gmail.com','MARCOVALDI ANNA'),(2543,6,'rita.rabissi@libero.it','RABISSI RITA'),(2544,6,'donatella.vignali@libero.it','VIGNALI DONATELLA'),(2545,6,'deborapastore1969@libero.it','PASTORE DEBORA'),(2546,6,'turchi.luciano@gmail.com','GIGANTE PIA'),(2547,6,'loretta501950@libero.it','GALLI LORETTA'),(2548,6,'saradavitti@hotmail.it','DAVITTI SARA'),(2549,6,'danybrum@gmail.com','PAPINI DANIELA'),(2550,6,'filippi_barbara@virgilio.it','FILIPPI BARBARA'),(2551,6,'s.falossi@alice.it','FALOSSI SILVIA'),(2552,6,'bdeldottore@libero.it','DEL DOTTORE BARBARA'),(2553,6,'mizzy80@live.it','CORRIDORI MAURIZIA'),(2554,6,'francescarin74@yahoo.it','RINALDO FRANCESCA'),(2555,6,'alberto.calamassi@auroracucine.it','CALAMASSI ALBERTO'),(2556,6,'gabriellatanturli@gmail.com','TANTURLI GABRIELLA'),(2557,6,'adeantoni@ptagroup.it','DE ANTONI ANDREA'),(2558,6,'r.cibelli@email.it','CIBELLI GENNARO'),(2559,6,'droghiniazzurra@libero.it','DROGHINI AZZURRA'),(2560,6,'caterina.rosi@yahoo.it','ROSI CATERINA'),(2561,6,'laura.22@vodafone.it','FRANCHI LAURA'),(2562,6,'simona-bardini@virgilio.it','BARDINI SIMONA'),(2563,6,'rosypianigiani@hotmail.com','PIANIGIANI ROSARIA'),(2564,6,'vdini@libero.it','DINI VANESSA'),(2565,6,'pezo14@hotmail.it','PEZONE GIULIO'),(2566,6,'gaia.tancredi@gmail.com','TANCREDI GAIA'),(2567,6,'lorenzob72@gmail.com','BOCCI LORENZO'),(2568,6,'somomimma@msn.com','BOLOGNESI SIMONETTA'),(2569,6,'franchi.alida41@gmail.com','FRANCHI ALIDA'),(2570,6,'antonellomarceddu@yahoo.it','MARCEDDU ANTONELLO'),(2571,6,'cocchi98@gmail.com','MONTINI SABINA'),(2572,6,'s.capecchi@libero.it','RAUGGI LAURA'),(2573,6,'palmierialdo@yahoo.it','PALMERI ALDO'),(2574,6,'elenacavari@yahoo.it','AVARI ELENA'),(2575,6,'f.cortopash@libero.it','CORTOPASH FABIO'),(2576,6,'stefania.pinti@virgilio.it','PINTI STEFANIA'),(2577,6,'tamburini.a97@vodafone.it','TAMBURINI ANDREA'),(2578,6,'giovanni.corbara@gmail.com','MAGNANI PAOLA'),(2579,6,'info@domuspiombino.it','PAMPALONI CINZIA'),(2580,6,'gandolfoivan@libero.it','GANDOLFO IVAN'),(2581,6,'fulvio_elena@alice.it','PROVVEDI FULVIO'),(2582,6,'info@claudiocilemmi.it','CILEMMI CLAUDIO'),(2583,6,'lav.quadrifoglio@gmail.com','MONACI KATY'),(2584,6,'giutom83@gmail.com','TOMMASI GIULIO'),(2585,6,'lunaria17@gmail.com','FORTE ANTONELLA'),(2586,6,'avramimario@hotmail.com','AVRAMI MARIO'),(2587,6,'bricchimariacristina@gmail.com','BRICCHI MARIA CRISTINA'),(2588,6,'guidocarli9@gmail.com','CARLI GUIDO'),(2589,6,'fraarg@hotmail.it','ARGENTATI FRANCESCA'),(2590,6,'painy@tiscali.it','PAINI ANNALISA'),(2591,6,'toma_lucia@libero.it','TOMA LUCIA'),(2592,6,'jessica.marilyn@hotmail.it','LONGARZO JESSICA'),(2593,6,'luana1828@libero.it','TOMAINO LUANA'),(2594,6,'federica.caponi@libero.it','ALDERIGHI ANTONIO'),(2595,6,'marco@dp-adv.it','CREDI MARCO'),(2596,6,'victoriap@gmail.com','CHAPMAN VICTORIA'),(2597,6,'dona.sti@email.it','STIGLIANO DONATA'),(2598,6,'cfranci3@hotmail.it','CAPPELLI FRANCESCA'),(2599,6,'paolo_fs@hotmail.com','FUSI PAOLO'),(2600,6,'c.pescatori@alice.it','PESCATORI CARLO'),(2601,6,'nico223@email.it','MARTINI NICOLA'),(2602,6,'mappa71@gmail.com','BERTACCINI ROBERTO'),(2603,6,'andreascapecchi@libero.it','SCAPECCHI ANDREA'),(2604,6,'elenamiche@gmail.com','MICHELONI ELENA'),(2605,6,'silviabottai@yahoo.it','BOTTAI SILVIA'),(2606,6,'eliopoli@infol.it','ADAMI ALESSANDRO'),(2607,6,'leonardo.valentini@alice.it','VALENTINI LEONARDO'),(2608,6,'dchicca@interfree.it','CORSI DANIELA'),(2609,6,'k.amorico@alice.it','AMORICO KATIUSCIA'),(2610,6,'l.sideri@alice.it','SIDERI LAURA'),(2611,6,'mbcarapelli@gmail.com','CARAPELLI MARIA BRUNA'),(2612,6,'coronamg@teletu.it','CORONA MARIA GRAZIA'),(2613,6,'antonellafarnetani@libero.it','FARNETANI ANTONELLA'),(2614,6,'bartalucci66@katamail.com','BARTALUCCI ANDREA'),(2615,6,'ilaria.car@freepass.it','CARANGELO ILARIA'),(2616,6,'info@slceramiche.it','PIMPINELLI SIMONE'),(2617,6,'tottipatrizia@gmail.com','TOTTI PATRIZIA'),(2618,6,'claudiasommavilla@interfree.it','SOMMAVILLA CLAUDIA'),(2619,6,'mercurio67@infinito.it','VOLPI ROSITA'),(2620,6,'miki71@libero.it','MENICHINI MICHELE'),(2621,6,'martina1387@libero.it','PEZZICA MARTINA'),(2622,6,'elena_nasi@libero.it','NASI ELENA'),(2623,6,'erykeka@alice.it','GALLI ERIKA'),(2624,6,'clara.cala@libero.it','CALAMASSI CLARA'),(2625,6,'f.rapezzi@alice.it','PLATIA FRANCESCA'),(2626,6,'carmineiacomino@hotmail.it','IACOMINO CARMINE'),(2627,6,'stefimania@gmail.com','MANIACI STEFANIA'),(2628,6,'emiliodarino@hotmail.it','DARINO EMILIO'),(2629,6,'claudio.caselli@gmail.com','CASELLI CLAUDIO'),(2630,6,'daniele.semboloni@tiscali.it','SEMBOLONI DANIELE'),(2631,6,'david.vannucci@live.it','VANNUCCI DAVID'),(2632,6,'paolalorenzetti66@gmail.com','LORENZETTI PAOLA'),(2633,6,'sandra.giovani@alice.it','GIOVANI SANDRA'),(2634,6,'perticicinzia@yahoo.it','PERTICI CINZIA'),(2635,6,'maurocalamassi@gmail.com','CALAMASSI MAURO'),(2636,6,'ritagabeg@libero.it','GABEGLIERI RITA'),(2637,6,'gufina74@gmail.com','COLASANTO MARIA GRAZIA'),(2638,6,'arborelli@alice.it','BORELLI ANNARITA'),(2639,6,'ilgave@hotmail.it','GAVETTI SANDRO'),(2640,6,'silvia_forziati@yahoo.it','FORZIATI SILVIA'),(2641,6,'marta.periti@alice.it','PERITI MARTA'),(2642,6,'federicograziosi1@gmail.com','GRAZIOSI FEDERICO'),(2643,6,'morband@tin.it','BANDIERA MORENO'),(2644,6,'chiara.berretti@gmail.com','BERRETTI CHIARA'),(2645,6,'carla.bimbi@virgilio.it','BIMBI CARLA'),(2646,6,'cri.cheloni@mail.com','CHELONI CRISTIANA'),(2647,6,'cattebarbara@libero.it','CATTE BARBARA'),(2648,6,'alessandrodani.77@gmail.com','DANI ALESSANDRO'),(2649,6,'marco.medaglini@tin.it','MARTINI ELISABETTA'),(2650,6,'rosita.pugliese@libero.it','PUGLIESE ROSITA FRANCESCA'),(2651,6,'anna.carli1971@gmail.com','CARLI ANNA'),(2652,6,'claudia.tosi@icloud.com','TOSI CLAUDIA'),(2653,6,'lucia.giusti@hotmail.it','GIUSTI LUCIA'),(2654,6,'elisabennati@hotmail.com','BENNATI ELISA'),(2655,6,'maxgamba@inwind.it','GAMBINI MASSIMO'),(2656,6,'sere.rio@alice.it','LENZI RUDY'),(2657,6,'raffaello.grazzini@gmail.com','GRAZZINI RAFFAELLO'),(2658,6,'compa.gc@libero.it','COMPARONI GIOVANNI'),(2659,6,'aurorabolioli@yahoo.it','BOLIOLI AURORA'),(2660,6,'fillinisandra@libero.it','FILLINI SANDRA'),(2661,6,'a.vicerdini@urbanprojects.it','VICERDINI ALESSANDRO'),(2662,6,'francesca.marchi81@gmail.com','MARCHI FRANCESCA'),(2663,6,'dr.priami@alice.it','BRAGLIA ANTONELLA'),(2664,6,'info@elettrofollonica.com','FABIANI EMILIANO'),(2665,6,'rpierro@comune.follonica.gr.it','PIERRO RICCARDO'),(2666,6,'diodori@libero.it','DIODORI RITA'),(2667,6,'enricopiero371@gmail.com','PIERACCINI ENRICO'),(2668,6,'ice.rana@hotmail.com','ROSSI ALICE'),(2669,6,'annalisa.paolicchi@gmail.com','PAOLICCHI ANNALISA'),(2670,6,'silvia.rossetti63@virgilio.it','ROSSETTI SILVIA'),(2671,6,'famrossi58@gmail.com','ROSSI ETTORE'),(2672,6,'robertaboem@hotmail.com','BOEM ROBERTA'),(2673,6,'stellazigrino@libero.it','ZIGRINO STELLA'),(2674,6,'laurencecharles1@gmail.com','CHARLES LAURENCE'),(2675,6,'mirella.cherubini@libero.it','CHERUBINI MIRELLA'),(2676,6,'gemignanimaristella@gmail.com','GEMIGNANI MARISTELLA'),(2677,6,'gianni.lippi@alice.it','SCATOLINI MARIAGIULIA'),(2678,6,'catia.-folletto@hotmail.it','PANTANI CATIA'),(2679,6,'stellaarzilli67@libero.it','ARZILLI STELLA'),(2680,6,'alessia.moffa@coldiretti.it','MOFFA ALESSIA'),(2681,6,'razzini1@alice.it','AZZINI GIANNI'),(2682,6,'francescafusco@inwind.it','FUSCO FRANCESCA'),(2683,6,'carlogiraldi@libero.it','GIRALDI CARLO'),(2684,6,'federica.capecchi@alice.it','CAPECCHI FEDERICA'),(2685,6,'paola.micheli@tin.it','MICHELI PAOLA'),(2686,6,'gloria.pesciaroli@gmail.com','PESCIAROLI GLORIA'),(2687,6,'alterinasileno@hotmail.com','SILENO ALTERINA'),(2688,6,'dbalocco@me.it','BALOCCO DANIELA'),(2689,6,'kiara.sissi@gmail.com','BARTOLOZZI CHIARA'),(2690,6,'antonellafalorni@libero.it','FALORNI ANTONELLA'),(2691,6,'fra.meiners@gmail.com','MEINERS FRANCESCA'),(2692,6,'raluca.burla@yahoo.com','BURLA RALUCA'),(2693,6,'avvgranchi@alice.it','GRANCHI ALESSIA'),(2694,6,'patrizia.alfani@alice.it','ALFANI PATRIZIA'),(2695,6,'lunatico@hotmail.it','BONGINI ILARIA'),(2696,6,'chiara.guasti@gmail.com','GUASTI CHIARA'),(2697,6,'andre.verdiani@libero.it','VERDIANI ANDREA'),(2698,6,'calamaim@gmail.com','CALAMAI MONICA'),(2699,6,'c.dalloro@gmail.com','DALLORO CLAUDIO'),(2700,6,'info@francescaevangelista.it','EVANGELISTA FRANCESCA'),(2701,6,'bea.galluzzi@gmail.com','GALLUZZI BEATRICE'),(2702,6,'federicacasini@hotmail.it','CASINI FEDERICA'),(2703,6,'mirellacianfrocca@gmail.com','CIANFROCCA MIRELLA'),(2704,6,'littleredcap@hotmail.it','GIANPIERI FRANCESCA'),(2705,6,'barbara.pipparelli@yahoo.it','PIPPARELLI BARBARA'),(2706,6,'m.brassi@virgilio.it','BRASSI MONICA'),(2707,6,'ylarya79@yahoo.it','CORSI ILARIA'),(2708,6,'vntina38@gmail.com','MAGINI VALENTINA'),(2709,6,'ales.burgassi@gmail.com','BURGASSI ALESSANDRA'),(2710,6,'maximo1973@hotmail.it','ARIGANELLO MASSIMO'),(2711,6,'adeleada@hotmail.com','BELLE ANTONIO'),(2712,6,'letizia.gentilini@libero.it','GENTILINI LETIZIA'),(2713,6,'lara.rigoli@alice.it','RIGOLI LARA'),(2714,6,'lucia.boschi@poste.it','BOSCHI LUCIA'),(2715,6,'enzagulotta@virgilio.it','BARBI ENZA'),(2716,6,'ariannalacche@fiora.it','LACCHE ARIANNA'),(2717,6,'silviatozzi@virgilio.it','TOZZI SILVIA'),(2718,6,'davcav83@hotmail.it','CAVALLARO DAVIDE'),(2719,6,'serena.montedoro@alice.it','MONTEDORO SERENA'),(2720,6,'ferrucci.samuele@gmail.com','FERRUCCI SAMUELE'),(2721,6,'silviachellini@hotmail.com','CHELLINI SILVIA'),(2722,6,'nancy-fanetti@hotmail.it','FANETTI NANCY'),(2723,6,'elisa_baldi@yahoo.it','BALDI ELISA'),(2724,6,'edoardoefilippo@yahoo.it','CENERINI SUSANNA'),(2725,6,'lorely2001@alice.it','QUERCI LORENZO'),(2726,6,'l.elena85@virgilio.it','LORENZONI ELENA'),(2727,6,'paradisi.romina@gmail.com','PARADISI ROMINA'),(2728,6,'sterpinmichele@libero.it','STERPIN MICHELE'),(2729,6,'l.pistolesi@email.it','PISTOLESI LUCA'),(2730,6,'enricocaruso9@gmail.com','CARUSO ENRICO'),(2731,6,'elenabibi@libero.it','FROSI ELENA'),(2732,6,'amarrata@gmail.com','MARRATA ALESSANDRA'),(2733,6,'mauriziabianchi@inwind.it','BIANCHI MAURIZIA'),(2734,6,'c.magagnini@hotmail.it','MAGAGNINI CLAUDIA'),(2735,6,'sognoliquido@libero.it','BUCCI WALTER'),(2736,6,'c.tardani@gmail.com','TARDANI CARLO'),(2737,6,'elena.basile@tiscali.it','BASILA ELENA'),(2738,6,'danda_ok@virgilio.it','ROSSI ALESSANDRA'),(2739,6,'anto.lombardo3@gmail.com','LOMBARDO ANTONELLA'),(2740,6,'info@spazio-verde.net','DONATI ANTONELLA'),(2741,6,'sandralazzerini@hotmail.it','LAZZERINI SANDRA'),(2742,6,'antonellagreco1966@libero.it','GRECO ANTONELLA'),(2743,6,'nicolamazzi@virgilio.it','MAZZI NICOLA'),(2744,6,'m.bartolini@yahoo.it','BARTOLINI MOIRA'),(2745,6,'orioliroberto@alice.it','ORIOLI ROBERTO'),(2746,6,'silvia6060@tiscali.it','BIANCUCCI SILVIA'),(2747,6,'stefania.vannini58@alice.it','VANNINI STEFANIA'),(2748,6,'lisa.gianifilippini@gmail.com','GIANI MARIA ELISA'),(2749,6,'patriziabidasio@virgilio.it','BIDASIO PATRIZIA'),(2750,6,'eliferp@yahoo.it','FERPOZZI ELISABETTA'),(2751,6,'sabrael@tin.it','RAELI SABRINA'),(2752,6,'gmarchi66@alice.it','MARCHI GIOVANNA'),(2753,6,'davidecalabri@elenet.it','CALABRI DAVIDE'),(2754,6,'andreavanni66@gmail.com','VANNI ANDREA'),(2755,6,'florinamihalcea@yahoo.it','MIHALCEA FLORINA'),(2756,6,'rsroma2007@libero.it','ROSELLI STEFANO'),(2757,6,'gentilinistefano@hotmail.it','GENTILINI STEFANO'),(2758,6,'giulio.romagnoli12@gmail.com','ROMAGNOLI GIULIO'),(2759,6,'romano65@alice.it','SCHILLACI VALENTINA'),(2760,6,'pippi972@libero.it','BONCIANI SABRINA'),(2761,6,'roxybarroxy@yahoo.it','ROSSI BARBARA'),(2762,6,'luisa.sofia8@gmail.com','VATIERO LUISA'),(2763,6,'lagnappetta@hotmail.com','FEDELI LISA'),(2764,6,'yurin92@hotmail.it','NALDI YURI'),(2765,6,'mugnaienrico@gmail.com','MUGNAI ENRICO'),(2766,6,'vanant739@gmail.com','VANNUCCI ELISABETTA'),(2767,6,'federica1307@gmail.it','ANTONELLI FEDERICA'),(2768,6,'giogiuli@hotmail.com','MONTANO GIOVANNA'),(2769,6,'gallettigianluca@yahoo.it','GALLETTI GIANLUCA'),(2770,6,'yle71@hotmail.it','CASALI FRANCESCO'),(2771,6,'silvano.polvani@virgilio.it','ROSSANO ALBERTA'),(2772,6,'nibrao@alice.it','TELESIO ANDREA'),(2773,6,'alice.petto@hotmail.it','PETTO ALICE'),(2774,6,'silvi801@hotmail.it','PAOLI SILVIA'),(2775,6,'porzio.andrea@alice.it','PORZIO ANDREA'),(2776,6,'lceccherini@alice.it','CECCHERINI LAURA'),(2777,6,'edefirbag@tiscali.it','IRACE GIOVANNI'),(2778,6,'giuliagaggioli@virgilio.it','GAGGIOLI GIULIA'),(2779,6,'caterina47@hotmail.it','GORI BONO CATERINA'),(2780,6,'g.ninci@libero.it','NINCI GIORGIO'),(2781,6,'direzione@lameridiana.net','CRIPPA PALMIRELLA'),(2782,6,'emilio.paganelli@alice.it','PAGANELLI EMILIO'),(2783,6,'svagolata@tiscali.it','GUIDI GABRIELLA'),(2784,6,'angela.saba@virgilio.it','SABA ANGELA'),(2785,6,'carlotta.gaggioli@alice.it','GAGGIOLI CARLOTTA'),(2786,6,'federicanespoli84@gmail.com','NESPOLI FEDERICA'),(2787,6,'elisabetta.975@gmail.com','PULCINI ELISABETTA'),(2788,6,'alessandra.srasino@gmail.com','SARASINO ALESSANDRA'),(2789,6,'info@distram.it','VEZZONI MASSIMO'),(2790,6,'cipriami@hotmail.com','PRIAMI CHIARA'),(2791,6,'vanessa.agnoletti@hotmail.it','AGNOLETTI VANESSA'),(2792,6,'maxcry@gmail.com','FANELLI MASSIMILIANO'),(2793,6,'remo.fedi@gmail.com','FEDI REMO'),(2794,6,'antonellacrespi@yahoo.it','CRESPI ANTONELLA'),(2795,6,'tudinogianni@gmail.com','TUDINO GIOVANNI'),(2796,6,'dave3464@libero.it','CANNETTI DAVIDE'),(2797,6,'cosetta07@libero.it','COLOMBO COSETTA'),(2798,6,'magi2859@gmail.com','GINANNESCHI MARZIA'),(2799,6,'torlaicarlo@virgilio.it','TORLAI CARLO'),(2800,6,'lamu_29@yahoo.it','BASTIANINI EMANUELA'),(2801,6,'l.biancardi@euroflexpad.com','BIANCARDI LORENZO'),(2802,6,'prosperigiulia93@gmail.com','PROSPERI GIULIA'),(2803,6,'bigcalimero@hotmail.com','BARSALI MONICA'),(2804,6,'benedetta.stefanile@libero.it','STEFANILE BENEDETTA'),(2805,6,'laservideo.follonica@libero.it','SUBASHI BENNARD'),(2806,6,'beneguidoni@yahoo.it','GUIDONI BENEDETTA'),(2807,6,'maria_cocca@yahoo.it','COCCA MARIA'),(2808,6,'mattia.godani@gmail.com','GODANI MATTIA'),(2809,6,'andrea21gianni@gmail.com','GIANNELLI ANDREA FERNANDO'),(2810,6,'andreaha@live.it','PARADISI ANDREA'),(2811,6,'d.contessa67@gmail.com','CONTESSA DANIELA'),(2812,6,'donatella.vannini@gmail.com','VANNINI DONATELLA'),(2813,6,'giannini.federica@libero.it','GIANNINI FEDERICA'),(2814,6,'alessandro.scarpata@gmail.com','SCARPATA ALESSANDRO'),(2815,6,'lucazafarana1976@hotmail.it','ZAFARANA LUCA'),(2816,6,'thomas871@supereva.it','CHIESA GIOVANNA'),(2817,6,'federica@lafenicestudio.com','LORENZI FEDERICA'),(2818,6,'f.boddi@virgilio.it','BODDI FRANCESCA'),(2819,6,'alessia.ugolini@enel.com','UGOLINI ALESSIA'),(2820,6,'enzoooop86@hotmail.it','PETRAZZUOLO VINCENZO'),(2821,6,'papagab@alice.it','PAPA GABRIELE'),(2822,6,'stefanobia@hotmail.com','BIAGI STEFANO'),(2823,6,'pagliuchi.daniela@libero.it','PAGLIUCHI DANIELA'),(2824,6,'barby2205@icloud.com','MARTINI BARBARA'),(2825,6,'giovannibertelli@alice.it','BARTOLUCCI SABRINA'),(2826,6,'silvana.giambarresi@fastwebnet.it','GIAMBARRESI SILVANA'),(2827,6,'sabrinaldi@virgilio.it','RINALDI SABRINA'),(2828,6,'mario.procacci@gmail.com','PROCACCI MARIO'),(2829,6,'marcobenedetti08@hotmail.it','MICHELI MARCO'),(2830,6,'vantil33@gmail.com','MARTELLI VALENTINA'),(2831,6,'mantovanimarianna@hotmail.it','MANTOVANI MARIANNA'),(2832,6,'g.cerri@hotmail.it','CERRI GIACOMO'),(2833,6,'d.passerini@gmail.com','PASSERINI DAVIDE'),(2834,6,'silvia.benvenuti@gmail.com','BENVENUTI SILVIA'),(2835,6,'alebiondi90@gmail.com','BIONDI ALESSIO'),(2836,6,'francescobosche1998@alice.it','BOSCHETTI FRANCESCO'),(2837,6,'farmaciadelbottegone@yahoo.it','DONNINI GIULIA'),(2838,6,'gm.doc@alice.it','DEL VIVA MONICA'),(2839,6,'silviasebastianelli@live.it','SEBASTIANELLI SILVIA'),(2840,6,'andreafriscia@hotmail.it','FRISCIA ANDREA'),(2841,6,'c.bonacquisto@tiscali.it','BONACQUISTO CARLO'),(2842,6,'simone.braccagni@libero.it','BRACCAGNI SIMONE'),(2843,6,'giadagrotto@libero.it','GROTTO GIADA'),(2844,6,'nicolettaviviani29@gmail.com','VIVIANI NICOLETTA'),(2845,6,'beatrice.cs@libero.it','CINOTTI BEATRICE'),(2846,6,'rtalpa@libero.it','NENCINI ROSANNA'),(2847,6,'sozzi.luca@alice.it','SOZZI LUCA'),(2848,6,'lapostadielena@gmail.com','PARADISI ELENA'),(2849,6,'ritamello@libero.it','MELLO ANNARITA'),(2850,6,'alellada@virgilio.it','LAZZERINI ALESSIA'),(2851,6,'giornielis@libero.it','GIORNI ELISABETTA'),(2852,6,'info@corydon.com','BIAGIOTTI CRISTIANO'),(2853,6,'marketti@gmail.com','MARCHETTI SILVIA'),(2854,6,'fedielettra@hotmail.it','FEDI ELETTRA'),(2855,6,'danielefioretti7@gmail.com','FIORETTI DANIELE'),(2856,6,'johannag.nagy@gmail.com','NAGY JOHANNA GEORGETTE'),(2857,6,'paolacostatita@yahoo.it','COSTA PAOLA'),(2858,6,'giuseppemilicia@alice.it','MILICIA GIUSEPPE'),(2859,6,'elenamonnecchi@hotmail.it','MONNECCHI ELENA'),(2860,6,'balbilau@gmail.it','BALBI LAURA'),(2861,6,'mletizia58@yahoo.it','PARRINI MARIA LETIZIA'),(2862,6,'ily.b@live.it','BANTI ILARIA'),(2863,6,'illibato66@gmail.com','ILLIBATO GIOVANNI'),(2864,6,'vallinisonia@libero.it','VALLINI SONIA'),(2865,6,'girgenti84@gmail.com','GIRGENTI VALERIA'),(2866,6,'dibonitop@gmail.com','DI BONITO PAOLO'),(2867,6,'gosto991@tiscali.it','AGOSTINI MARCO'),(2868,6,'gianlucabugnoli@gmail.com','BUGNOLI GIANLUCA'),(2869,6,'luisacartocci@gmail.com','CARTOCCI LUISA'),(2870,6,'rosacichez@hotmail.it','CICHELLO ROSA'),(2871,6,'g-gentile@hotmail.it','GENTILE GIOVANNI'),(2872,6,'bagnopineta@yahoo.it','GORACCI VALENTINA'),(2873,6,'mauropatrizia1@virgilio.it','CONFORTI PATRIZIA'),(2874,6,'cristinamontomoli@yahoo.it','MONTOMOLI CRISTINA'),(2875,6,'andreaprizzi73@yahoo.it','PRIZZI ANDREA'),(2876,6,'camilla.forci@libero.it','FORCI CAMILLA MARIA'),(2877,6,'niccolotuci@gmail.com','TUCI NICCOLO'),(2878,6,'domenico.fimmano@virgilio.it','FIMMANO DOMENICO'),(2879,6,'claudio_terranova@teletu.it','TERRANOVA CLAUDIO'),(2880,6,'ippolitoannarita@gmail.com','IPPOLITO ANNARITA'),(2881,6,'lisa.borelli@alice.it','BORELLI LISA'),(2882,6,'gpacinotti@alice.it','PACINOTTI GIULIO'),(2883,6,'lauramagnani72@yahoo.it','MAGNANI LAURA'),(2884,6,'elena.maestrini@hotmail.it','MAESTRINI ELENA'),(2885,6,'rudichellini@alice.it','CHELLINI RUDI'),(2886,6,'siberius1971@hotmail.it','BIANCHI LEONARDO'),(2887,6,'ricca.r@libero.it','ROSSETTI RICCARDO'),(2888,6,'smazzei30@gmail.com','MAZZEI SILVIA'),(2889,6,'federica.ldv@hotmail.it','LUDOVICO FEDERICA'),(2890,6,'cristianacirillo@gmail.com','CIRILLO CRISTIANA'),(2891,6,'rotapinuccia@alice.it','ROTA PINUCCIA'),(2892,6,'tizianacirillo1@inwind.it','CIRILLO TIZIANA'),(2893,6,'mandellimirco@gmail.com','MANDELLI MIRCO'),(2894,6,'claudianiccolini@virgilio.it','NICCOLINI CLAUDIA'),(2895,6,'s.fra.1978@gmail.com','SALVADORI FRANCESCO'),(2896,6,'cecilia.baldi@gmail.com','BALDI CECILIA'),(2897,6,'marce@hotmail.it','ROMBAI MARCELLA'),(2898,6,'carla.sorini@alice.it','SORINI CARLA'),(2899,6,'lucatonini83@libero.it','TONINI LUCA'),(2900,6,'fediscilla@gmail.it','ALFIERI ANTONIO'),(2901,6,'ester.melis@hotmail.it','MELIS ESTER'),(2902,6,'gianni-spa@hotmail.it','SPADANUDA GIANNI'),(2903,6,'cinziafr@hotmail.it','FRANCINI CINZIA'),(2904,6,'franco.martini.53@alice.it','MARTINI FRANCO'),(2905,6,'viviani.fabrizio@libero.it','MILINI FIORELLA'),(2906,6,'fulvioinfo@parcodellecalle.it','EGIDI FULVIO'),(2907,6,'avv.simonebulleri@gmail.com','BULLERI SIMONE'),(2908,6,'carlaasta@hotmail.it','ASTA CARLA'),(2909,6,'alessia@overture.it','RICCIUTI ALESSIA'),(2910,6,'andysordi@tiscali.it','SORDI ANDREA'),(2911,6,'pula@virgilio.it','DE ANGELIS MARIA DANIELA'),(2912,6,'petriza@libero.it','MODRIC PETRIZZA'),(2913,6,'santorusso@yahoo.it','RUSSO SANTO'),(2914,6,'cristozza@libero.it','PECORINI CRISTINA'),(2915,6,'parigi.sandro@gmail.com','PARIGI SANDRO'),(2916,6,'pellicceria.rolando@alice.it','GALLERINI ROSSANA'),(2917,6,'dondoli.luciana@gmail.com','DONDOLI LUCIANA'),(2918,2,'personale@lagardenia.com','LA GARDENIA BEAUTY S.P.A.'),(2919,2,'marco@dp.adv.it','D&P DI PELAGALLI DANIELA'),(2930,2,'elisabetta.pippi@pasqui.it','PIPPI ELISABETTA'),(2931,2,'luigia.volpe@libero.it','VOLPE LUIGIA'),(2936,2,'olgasmal@libero.it','OLGA SMAL'),(2943,2,'manciaupao@unisi.it','MANGIAVACCHI PAOLA'),(2946,2,'gigimedina@libero.it','MEDINA LUIGI'),(2956,2,'rosdam09@gmail.com','DAMATO ROSANNA'),(2957,2,'tabacchimontagni@alice.it','MONTAGNI MARCO'),(2976,2,'ranieripisaneschi@gmail.com','PISANESCHI RANIERI'),(2998,2,'fedele@liquidweb.it','FEDELE PASQUALE'),(3007,2,'elisacivai@libero.it','CIVAI ELISA'),(3049,2,'giovannamoretti@inwind.it','MORETTI GIOVANNA'),(3050,2,'pianigiani.paola@gmail.com','PIANIGIANI PAOLA'),(3086,2,'monica.moc76@gmail.com','TATINI MONICA'),(3087,2,'marimam_@alice.it','CRISCUOLO MARILENA'),(3089,2,'barbara.pipolo@libero.it','PIPOLO BARBARA'),(3095,2,'papiveronica@virgilio.it','PAPI VERONICA'),(3115,2,'longo.enrica0@gmail.com','LONGO ENRICA'),(3133,2,'gabriellabucciarelli@yahoo.com','BUCCIARELLI GABRIELLA'),(3153,2,'grafinoc@gmail.com','FINOCCHIARO GRAZIA'),(3163,2,'catiarsignorini@libero.it','SIGNORINI CATIA ROBERTA'),(3170,2,'ninarrapaj@yahoo.it','RRAPAJ NABILE'),(3182,2,'rosamonaco@tin.it','MONACO ROSA'),(3188,2,'maddalena.sanfilippo@gmail.com','SANFILIPPO MADDALENA'),(3190,2,'antonellamore@gmail.com','MORETTI ANTONELLA'),(3192,2,'claudiafuf@gmail.it','CAMILLI CLAUDIA'),(3209,2,'riccilorenzo22@gmail.com','RICCI LORENZO'),(3219,2,'silvia@papi.us','CICALI SILVIA'),(3224,2,'martina.smarties@hotmail.it','MELANI LUISA'),(3229,2,'daniela.giannotti@yahoo.it','GIANNOTTI DANIELA'),(3231,2,'ilucionadri@hotmail.com','ZAVALA ADRIANA'),(3234,2,'sereisola@gmail.com','ISOLA SERENA'),(3235,2,'danie.lap@alice.it','PASTORELLI DANIELA'),(3236,2,'misslalybat@hotmail.it','BANELLI ALICE'),(3237,2,'nicoletabocu@yahoo.com','BOCU NICOLETA'),(3238,2,'roberto.pierini.j16v@alice.it','PIERINI SARA'),(3239,2,'margherita.daraio@hotmail.it','GIORGI PATRIZIA'),(3240,2,'dani.datt@gonlinet.com','DATTERI DANIELA'),(3241,2,'sbruni615@vodafone.it','BRUNI SILVIA'),(3242,2,'antonellaburroni@yahoo.it','BURRONI ANTONELLA'),(3243,2,'fabri.angiu@hotmail.it','ANGIULLI FABRIZIO'),(3244,2,'amanniboletti@gmail.com','ANNIBOLETTI ALESSIA MARIA'),(3245,2,'patriziaspena@libero.it','SPENA PATRIZIA'),(3246,2,'luisabernardini@yahoo.it','BERNARDINI MARIA LUISA'),(3247,2,'mauronoc@libero.it','NOCENTINI MAURO'),(3248,2,'valentinaborgogni@yahoo.it','BORGOGNI VALENTINA'),(3249,2,'stgial@me.com','DALBELLO STEFANIA'),(3250,2,'silvia00088@hotmail.it','BIANCHI SILVIA'),(3251,2,'ghelmez.daniela@yahoo.com','GHELMEZ DANIELA'),(3252,2,'barbara@nonviolenza.com','PERIEI BARBARA'),(3253,2,'studiomomi@tin.it','GIANNINI GRAZIELLA'),(3254,2,'delilapalma@hotmail.com','NUELLE ANNETTE'),(3255,2,'paolabruschi64@gmail.com','BRUSCHI PAOLA'),(3256,2,'paganelli_simona@virgilio.it','PAGANELLI SIMONA'),(3257,2,'missyrbag@hotmail.it','QUATELA GABRIELLA'),(3258,2,'matteogomitolini@gmail.com','GOMITOLINI MATTEO'),(3259,2,'solitos@tiscali.it','SOLITO SABRINA'),(3260,2,'chiaraciabucchi@yahoo.it','CIABUCCHI CHIARA'),(3261,2,'ra_ki.95@hotmail.it','MARTINI RACHELE'),(3262,2,'claudia.cipriani@email.it','CIPRIANI CLAUDIA'),(3263,2,'marta.zurli@virgilio.it','ZURLI MARTA'),(3264,2,'giarina2881@yahoo.it','GRIGORE MADALINA'),(3265,2,'fabio.turchi81@gmail.com','TURCHI FABIO'),(3266,2,'gabriellas@yahoo.it','SPULBER GABRIELLA'),(3267,2,'crazyflyers7@yahoo.it','BANCHI BARBARA'),(3268,2,'ungarilucia@live.it','ZURLI LUCIA'),(3269,2,'anna.bartolini@hotmail.it','BARTOLINI ANNA'),(3270,2,'vanneschiluca@yahoo.it','VANNESCHI LUCA'),(3271,2,'maicol.g@hotmail.it','GRATENI MAICOL'),(3272,2,'elit.93@hotmail.it','TOMMASINI ELISA'),(3273,2,'valesweet93@hotmail.it','BONINI VALENTINA'),(3274,2,'patriziagstn@gmail.com','GIUSTINI PATRIZIA'),(3275,2,'tania_tecla@tin.it','DI TOMASO TANIA'),(3276,2,'ros.vitale@virgilio.it','VITALE ROSSANA'),(3277,2,'lejdi.dervishi@gmail.com','DERVISHI LEYDI'),(3278,2,'alessandrini.elisabetta@tin.it','ALESSANDRINI ELISABETTA'),(3279,2,'tempera93@hotmail.it','TEMPERANI FRANCESCA'),(3280,2,'millacamilla72@gmail.com','PIESCHI MICHELA'),(3281,2,'ritaguidotti@teletu.it','GUIDOTTI M.RITA'),(3282,2,'dario.galeotti@istruzione.it','GALEOTTI DARIO'),(3283,2,'sciao.la@libero.it','GIORGI LAURA'),(3284,2,'antonella.c.64@gmail.com','CAMPANA ANTONELLA'),(3285,2,'zofiatuchlin@aruba.it','TUCHLIN ZOFIA'),(3286,2,'liasuo@gmail.com','FIORENTINO OLIMPIA'),(3287,2,'antonelli.s@alice.it','ANTONELLI SONIA'),(3288,2,'marinalucioli@live.it','LUCIOLI MARINA'),(3289,2,'ca.je@hotmail.it','CABONI JESSICA'),(3290,2,'consuela.perugini@alice.it','PERUGINI CONSUELA'),(3291,2,'katiabarrella@yahoo.it','BARRELLA KATIA'),(3292,2,'annaburroni@fastwebnet.it','BURRONI ANNA MARIA'),(3293,2,'robymicheletto@hotmail.it','MICHELETTO ROBERTA'),(3304,2,'patriziocanaleparola@libero.it','CANALE PAROLA PATRIZIO'),(3309,2,'giunardi@hotmail.it','NARDI GIUSY'),(3313,2,'adrymecheri@gmail.com','MECHERI ADRIANA'),(3314,2,'w.marci@hotmail.it','FRASCHETTI PAOLA'),(3334,2,'giuliapuccininegrini@hotmail.com','PUCCINI NEGRINI GIULIA'),(3337,2,'bejenarova@hotmail.it','BEJENAROVA KATERINA'),(3338,2,'vdini65@gmail.com','DINI VALERIA'),(3339,2,'princess.srl@libero.it','CACCIAMANO ANNA'),(3340,2,'elisazito@gmail.com','ZITO ELISA'),(3341,2,'miaelena@hotmail.it','STROE MIA ELENA'),(3342,2,'elisabetta.forzoni@email.it','FORZONI ELISABETTA'),(3348,2,'fabiodelsound@hotmail.com','SANTINI FABIO'),(3357,2,'costanza.benvenuti@yahoo.it','BENVENUTI COSTANZA'),(3362,2,'gabririva@gmail.com','RIVA GABRIELLA'),(3366,2,'alvaro.giorgi@alice.it','GIORGI ALVARO'),(3367,2,'mano2812@gmail.com','CONTI MANOLA'),(3368,2,'enricocappelli@alice.it','BONCOMPAGNI ROSANNA'),(3386,2,'b.etto@hotmail.it','GIANNINI FABIO'),(3387,2,'anparado@alice.it','DOMENICI DONATELLA'),(3389,2,'canigianithebest@gmail.com','CANIGIANI NICOL'),(3398,2,'agnese.nesti@gmail.com','NESTI ROBERTO'),(3401,2,'bati@hotmail.it','BORUSZKOWSKA BEATA'),(3405,2,'max71@libero.it','BIAGIONI MASSIMO'),(3411,2,'paolabozzolini@yahoo.it','BOZZOLINI PAOLA'),(3412,2,'b.canaponi@virgilio.it','CANAPONI BARBARA'),(3422,2,'fabtang@yahoo.it','TANGARO FABIO'),(3423,2,'francesco.giusiani@gmail.com','GIUSANI FRANCESCO'),(3428,2,'matteucciclaudia@virgilio.it','MATTEUCCI CLAUDIA'),(3429,2,'marju@inwind.it','BERTOCCHI MANUELA'),(3433,2,'piera.datorre2@alice.it','DA TORRE PIERA'),(3434,2,'agnolie@libero.it','CIPRIANI ALESSANDRA'),(3435,2,'carmengiulia@email.it','PATEA CARMELA'),(3436,2,'sartinisimona@libero.it','SARTINI SIMONA'),(3437,2,'o.bonnefoi@waypress.it','BONNEFOI ODILE'),(3438,2,'francesca@ideaevent.it','BATORI FRANCESCA'),(3439,2,'stellayi@hotmail.com','ZHOU YI'),(3440,2,'stefania.volpone@gmail.com','VOLPONE STEFANIA'),(3441,2,'francemill@execite.it','MILONI FRANCESCA'),(3442,2,'rossella.ceccherini@libero.it','CECCHERINI ROSSELLA'),(3443,2,'laurafantucci63@gmail.com','FANTUCCI LAURA'),(3444,2,'biagini.sonia@libero.it','BIAGINI SONIA'),(3448,2,'alexapretz@hotmail.it','VON PRETZ ALEXA'),(3449,2,'iv97@hotmail.it','TROTTA M.GIOVANNA'),(3450,2,'valentinamazzocchetti@hotmail.com','MAZZOCCHETTI VALENTINA'),(3451,2,'ilarden@tin.it','ARDENTI ILARIA'),(3456,2,'m.zardetto@gmail.com','ZARDETTO MICHELE'),(3457,2,'giada1892@hotmail.it','DINI GIADA'),(3463,2,'remo.boiardi@fastwebnet.it','BOIARDI REMO'),(3467,2,'chiaragiardina@hotmail.com','GIARDINA CHIARA'),(3481,2,'giusy.manzione@alice.it','MANZIONE GIUSY'),(3487,2,'ginevraprivate@gmail.com','RUGANI GINEVRA'),(3488,2,'tommaso.loriga@me.com','LORIGA TOMMASO'),(3499,2,'claudio.ulivelli@alice.it','ULIVELLI CLAUDIO'),(3505,2,'chiarinagro@libero.it','GROSSI CHIARA'),(3509,2,'laurenzi.donatella@gmail.com','LAURENZI DONATELLA'),(3510,2,'chiara.giuliattini@katamail.com','GIULIATTINI CHIARA'),(3511,2,'claudiateci@libero.it','TECI CLAUDIA'),(3512,2,'laura.burroni@hotmail.it','BURRONI LAURA'),(3513,2,'andrea.umbertini@alice.it','UMBERTINI ANDREA'),(3514,2,'giorgia@farmaciassannunziata.191.it','BARTOLI GIORGIA'),(3515,2,'franciraio@hotmail.it','RAIOLA FRANCESCA'),(3516,2,'carlofantoni@yahoo.it','FANTONI CARLO'),(3517,2,'ricca.regio@gmail.com','REGIO RICCARDO'),(3522,2,'lucafossati83@gmail.com','FOSSATI LUCA'),(3529,2,'luigizazzaro@gmail.it','ZAZZARO LUIGI'),(3530,2,'serenaghe@yahoo.it','GHELARDINI SERENA'),(3538,2,'bterrana@tcservice.it','BALATA URSULA'),(3540,2,'querci@unisi.it','QUERCI GIACOMO'),(3541,2,'a.mansi@solmine.it','MANSI ANTONELLA'),(3542,2,'g.milza@virgilio.it','MILZA GIORGIA'),(3545,2,'kblewandowski@t-online.de','CARONTI CRISTINA'),(3554,2,'giambastiani1@tin.it','GIAMBASTIANI MARIA CARLA'),(3555,2,'guadagni@guadagnistudiolegale.it','GUADAGNI ANTONELLA'),(3565,2,'serenamaggi@hotmail.it','MAGGI SERENA'),(3574,2,'loredana.nunziati@tin.it','NUNZIATI LOREDANA'),(3575,2,'sararube77@gmail.com','RUBECHINI SARA'),(3576,2,'bubu_cot78@yahoo.com','CIMPEANU ECATERINA'),(3577,2,'tommaso.cocci@alice.it','BERNARDI SARA'),(3578,2,'stefanyf@tin.it','FRASI STEFANIA'),(3579,2,'eloisa81b@libero.it','BALDINI ELISA'),(3580,2,'r.anulli@usl8.toscana.it','ANULLI ROBERTA'),(3581,2,'silviocavallucci@yahoo.it','CAVALLUCCI SILVIO'),(3582,2,'b.bertoni@hotmail.it','BERTONI BENEDETTA'),(3592,2,'angeli2005@yandex.ru','PICCOLO ANDREA'),(3601,2,'laurachetoni@hotmail.it','CHETONI LAURA MARIA'),(3602,2,'kovacsistuanozzi@freemail.hu','KOVACS ALEXANDRA'),(3603,2,'cusinfederico@gmail.com','CUSIN FEDERICO'),(3605,2,'saragambera@yahoo.it','GAMBERA SARA'),(3610,2,'ily_n4@hotmail.it','CASELLI ILARIA'),(3611,2,'mdancer84@hotmail.it','NAVARRA MICHELA'),(3615,2,'guidi.gianluca@yahoo.it','GUIDI GIANLUCA'),(3616,2,'gustavo.cilento@gmail.com','CILENTO GUSTAVO'),(3617,2,'giuseppe.terracciano@hotmail.it','TERRACCIANO GIUSEPPE'),(3619,2,'marilenamochionory@yahoo.it','DE LAZZARI MARILENA'),(3620,2,'nexa@email.it','LIONE FRANCESCA'),(3621,2,'giulia.ambrosio@f2n.it','AMBROSIO GIULIA'),(3622,2,'flo_aniello@yahoo.it','ANIELLO VITTORIA FLORA'),(3623,2,'martasanarelli@libero.it','SANARELLI MARTA'),(3624,2,'piezurli@tin.it','TARULLI PAMELA'),(3625,2,'chiarini.mc@virgilio.it','CHIARINI MARIA CHIARA'),(3626,2,'francescamencaroni@alice.it','MENCARONI FRANCESCA'),(3627,2,'michelamencaroni@yahoo.it','MENCARONI MICHELA'),(3628,2,'patriziasestini@gmail.com','SESTINI PATRIZIA'),(3629,2,'irenear@inwind.it','MARIOTTINI IRENE'),(3630,2,'monica.rank@libero.it','RANCHICCHIO MONICA'),(3631,2,'laura@immaginelaura.f2n.it','FALSINI LAURA'),(3632,2,'beatrice.morini@fastwebnet.it','MORINI BEATRICE'),(3653,2,'simonetta.viviani@yahoo.it','VIVIANI SIMONETTA'),(3654,2,'palrizzi@gmail.com','RIZZI PALMA'),(3659,2,'claudio.gentile73@gmail.com','GENTILE CLAUDIO'),(3660,2,'pugliese.sara@yahoo.it','PUGLIESE SARA'),(3663,2,'skh7015@hammail.net','SEOK KEVH HWA'),(3666,2,'maria_stella_10@mail.ru','GORBUNOVA MARIYA'),(3670,2,'martina.pighini@gmail.com','PIGHINI MARTINA'),(3676,2,'lisa.cecchini@rotork.com','CECCHINI LISA'),(3677,2,'chiara85@virgilio.it','VIVIANI CHIARA'),(3699,2,'manuela.fenili@alice.it','FENILI MANUELA'),(3703,2,'carla.terrosi@italcode.it','TERROSI CARLA'),(3704,2,'isabella.fiumi@gmail.com','FIUMI ISABELLA'),(3710,2,'cristina.luchetti@alice.it','LUCHETTI CRISTINA'),(3715,2,'jennifer2005@live.it','RICCI CHIARA'),(3762,2,'farmaover.srl@tiscali.it','FARMA OVER SRL'),(3763,2,'milena.decagna@virgilio.it','DE CAGNA MILENA'),(3764,2,'steven.baldini@gmail.com','BALDINI STEVEN'),(3765,2,'anna.sergialis@wp.pl','SERGIALIS ANNA'),(3766,2,'e.wonderland@katamail.com','COCCI ELEONORA'),(3767,2,'yasmineisca@gmail.com','ISCARO YASMINE'),(3768,2,'elibardho@gmail.com','BARDHO ELIOLA'),(3769,2,'beatrice.march@gmail.com','MARCHETTI BEATRICE'),(3770,2,'bpatty23@gmail.com','BAUCO PATRIZIA'),(3771,2,'edipucci@libero.it','PUCCI EDI'),(3773,2,'serena1970@alice.it','BERTI SERENA'),(3774,2,'p.burali@virgilio.it','BURALI PAOLO'),(3775,2,'margheritaverdelli@hotmail.it','VERDELLI MARGHERITA'),(3776,2,'brokerazienda@gmail.com','PIOMBANTI RICCARDO'),(3777,2,'manuelaporcaro@libero.it','PORCARO MANUELA'),(3778,2,'ely0089@hotmail.it','DONATI ELISA'),(3779,2,'pre.betta@libero.it','PRESENTI ELISABETTA'),(3780,2,'luciastocchi@libero.it','STOCCHI LUCIA'),(3781,2,'tognazzo_bruno@libero.it','TARGA PAOLA'),(3782,2,'natcutini@gmail.com','CUTINI NATALIA'),(3783,2,'valentina.vitiello@fastwebmail.it','VITIELLO VALENTINA'),(3784,2,'ferrfrancesca@libero.it','FERRARO ROBERTO'),(3788,2,'angie12264@hotmail.com','VESGA MENESES ANGELICA PATRICIA'),(3794,2,'bianchiquirino@infinito.it','BIANCHI SARA'),(3803,2,'saracoletti86@yahoo.it','COLETTI SARA'),(3806,2,'ghiberta@virgilio.it','GHINASSI ROBERTA'),(3812,2,'cristyfedo@libero.it','FEDORONKO KHRYSTYNA'),(3818,2,'elenakiss@katamail.com','ROGGI ELENA'),(3819,2,'sofia.rossi@hotmail.it','ROSSI SOFIA'),(3825,2,'r.roncaccia@rai.it','RONCACCIA RAFFAELLA'),(3830,2,'sterza71@yahoo.it','TERZANI ALESSANDRA'),(3831,2,'pubblicherelazioni@libero.it','CONFORTI ANDREA'),(3838,2,'claudio.r@laa.it','RAJOLA CLAUDIO'),(3840,2,'francescoelement@gmail.com','ORLANDI FRANCESCO'),(3853,2,'annamaria.vignuda@ania.it','VIGNUDA ANNAMARIA'),(3856,2,'martina.panicucci@hotmail.it','PANICUCCI MARTINA'),(3857,2,'stella.katerinova@gmail.com','KATERINOVA STELLA'),(3858,2,'francesca.fedini@tin.it','FEDINI FRANCESCA'),(3859,2,'gabry.erre@me.com','RENZA GABRIELLA'),(3860,2,'axire76@hotmail.it','GORI ERIKA'),(3865,2,'danielafamigliulo@gmail.com','FANIGLIULO DANIELA'),(3875,2,'eli_soleluna@yahoo.it','GIGLI ELISABETTA'),(3876,2,'gr.ar.gio@hotmail.it','MARGIACCHI GIORGIO'),(3877,2,'nardo64@alice.it','NARDOIANNI ANGELO'),(3878,2,'patriziafailli@libero.it','FAILLI PATRIZIA'),(3879,2,'lguidelli@libero.it','GUIDELLI LORENZA'),(3880,2,'megu96@live.it','MALENTACCHI ELISA'),(3883,2,'sarafalciani@hotmail.it','FALCIANI SARA'),(3891,2,'da.nuti@aliceposta.it','NUTI DANIELE'),(3904,2,'riolgia@tin.it','OLGIATI RICCARDO'),(3908,2,'nicola_giudici@libero.it','GIUDICI NICOLA'),(3916,2,'f.sbrilli@virgilio.it','SBRILLI FLAVIA'),(3920,2,'ivana.kekezc@libero.it','SFINGE SRL'),(3924,2,'patrizia.chericoni@gmail.com','FANDANGO SRL'),(3928,2,'federico.saccomaino@gmail.com','SACCOMAINO FEDERICO'),(3931,2,'marinettie@live.it','MARINETTI ELENA'),(3935,2,'marta.occhini@alice.it','OCCHINI MARTA'),(3936,2,'atesta@istitutoagazzi.it','TESTA ALESSANDRA'),(3937,2,'ecannelli@alispa.it','CANNELLI ELENA'),(3938,2,'spadino.t@hotmail.it','TUTI MARCO'),(3939,2,'gottar07@tin.it','GOTTARDELLO ELISABETTA'),(3940,2,'cecco1989@libero.it','CECCARELLI FEDERICO'),(3941,2,'lorigori@hotmail.com','GORI LOREDANA'),(3942,2,'axel_4@email.it','MATERAZZI MARISA'),(3943,2,'giorgia.scarpelli@libero.it','SCARPELLI GIORGIA'),(3945,2,'elenaldini@alice.it','NALDINI ELENA'),(3956,2,'claudiamarianagosman@libero.it','GOSMAN CLAUDIA'),(3957,2,'giovapo67@yahoo.it','NAPOLITANO GIOVANNI'),(3963,2,'depianoalessandro@gmail.com','DE PIANO ALESSANDRO'),(3964,2,'giovannacala@virgilio.it','CALA GIOVANNA'),(3965,2,'fragiacomogiuseppe@yahoo.it','FRAGIACOMO GIUSEPPE'),(3975,2,'gianni.bicchierai@libero.it','BICCHIERAI GIANNI'),(3978,2,'wfattore@yahoo.it','FATTORE WALTER'),(3984,2,'martina1981@hotmail.it','CAUCCHI MARTINA'),(3987,2,'kinalive@libero.it','STORARI LUISA'),(4004,2,'svaleri@interfree.it','VALERI SANDRA'),(4014,2,'dashonok88@inbox.in','TSYBAN DARIA'),(4016,2,'studiocasasubbiano@alice.it','BIDINI GRAZIELLA'),(4017,2,'kiara.tommi@alice.it','TOMMASIELLO KIARA'),(4018,2,'francescogianangeli@msn.com','GIANANGELI FRANCESCO'),(4019,2,'esmeralda.baci@gmail.com','BACI ESMERALDA'),(4020,2,'scolariannalisa@hotmail.it','SCOLARI ANNALISA'),(4021,2,'rossellagargini@hotmail.it','GARGINI ROSSELLA'),(4022,2,'amascolini@yahoo.com','MASCOLINI ANNA'),(4023,2,'alvarobartolini@alice.it','BARTOLINI ALVARO'),(4024,2,'whitenicols@hotmail.it','TARCHIANI SIMONE'),(4025,2,'lavinia.toscani@gmail.com','TOSCANI LAVINIA'),(4026,2,'francesca.evangelisti@gmail.com','EVANGELISTI FRANCESCA'),(4027,2,'cristina.corsi75@hotmail.it','CORSI CRISTINA'),(4028,2,'sinniabau@yahoo.it','BARACCHI SILVIA'),(4029,2,'jessica_cutini@hotmail.it','CUTINI JESSICA'),(4030,2,'handan26@hotmail.com','MAZZI HANDAN'),(4032,2,'sdunhamangiolini@gmail.com','DUNHAM ANGIOLINI SWAN'),(4045,2,'harmarco70@gmail.com','GIACINTI MARCO'),(4046,2,'rinnovarte@gmail.com','LIBERATORI STEFANIA'),(4047,2,'lisa.paoletti@alice.it','PAOLETTI LISA'),(4048,2,'mielealessandro@hotmail.it','MIELE ALESSANDRO'),(4049,2,'mfini@inwind.it','FINI MASSIMILIANO'),(4050,2,'paolanoferi@libero.it','NOFERI PAOLA'),(4051,2,'vale.conticini@hotmail.it','CONTICINI VALENTINA'),(4052,2,'loredana.mazzuoli@alice.it','MAZZUOLI LOREDANA'),(4053,2,'mluisa.soldo@tiscali.it','SOLDO MARIA LUIGIA'),(4054,2,'monika.82@alice.it','FABBRINI MONIKA'),(4055,2,'specialk80@libero.it','SPECIALE CATERINA'),(4063,2,'giami.montauti@gmail.com','CAPPELLI SANDRA'),(4064,2,'frankmerola@libero.it','MEROLA FRANCESCO'),(4071,2,'valentina.marcozzi@katamail.com','MARCOZZI VALENTINA'),(4074,2,'ifranconi1@gmail.com','FRANCONI IRENE'),(4081,2,'sabatoantonella@libero.it','SABATO ANTONELLA'),(4085,2,'blixen26@libero.it','LEPRI ROBERTA'),(4097,2,'vejta66@hotmail.com','ARENA SALVATORE'),(4109,2,'chiara.scaccioni@gmail.com','SCACCIONI CHIARA'),(4110,2,'simonero74@gmail.com','SORBINI SIMONE'),(4111,2,'rdegiudici@gmail.com','DE GIUDICI RICCARDO'),(4112,2,'monicabrandini@virgilio.it','BRANDINI MONICA'),(4113,2,'agri.casagrande@alice.it','CALAGNA LUCREZIA'),(4117,2,'luciamontomoli@libero.it','MONTOMOLI LUCIA'),(4125,2,'andreafabiani@hotmail.it','FABIANAI ANDREA'),(4127,2,'anna_papiri@hotmail.it','RINALDO ANNA'),(4130,2,'zazzeri.cori@inwind.it','ZAZZERI CORINNA'),(4131,2,'gp280763@alice.it','PIERINI GERARDO'),(4132,2,'f.damarciaso@gmail.com','DA MARCIASO FRANCESCA'),(4135,2,'angela.buzzanca@interno.it','BUZZANCA ANGELA'),(4136,2,'roberta.gemmino@med.unipi.it','GEMMINO ROBERTA'),(4137,2,'tiziano.decanini@gmail.com','DECANINI TIZIANO'),(4138,2,'daniela-fabbri@hotmail.it','FABBRI DANIELA'),(4144,2,'domenica.ventre@gmail.com','VENTRE DOMENICA'),(4154,2,'asusic1@yahoo.com','SUSIC ANA'),(4155,2,'paola.tomassoni@alice.it','TOMASSONI PAOLA'),(4161,2,'2fedemadia@gmail.com','MADIA FEDERICA'),(4168,2,'kemical@hotmail.it','TARDELLI MARCO'),(4173,2,'boris@monitin.com','GUROUITH BORIS'),(4174,2,'martyf84@libero.it','FOGAGNOLO MARTINA'),(4175,2,'aniarybak@hotmail.it','RYBAK ANNA KATARZYNA'),(4178,2,'rizzo77@gmail.com','RIZZO GIANLUCA'),(4180,2,'info@osteriailrifrullo.it','FAGNONI EUGENIO'),(4181,2,'biagini.bruno@yahoo.fr','BIAGINI BRUNO'),(4185,2,'antonella.giovannelli@gmail.com','MONTEVERDI ANTONELLA'),(4188,2,'tommasomontagna@gmail.com','MONTAGNA TOMMASO'),(4193,2,'alesker77@gmail.com','JAVANSHIROV ALEX'),(4231,2,'leleonorarossi@hotmail.it','ROSSI ELEONORA'),(4232,2,'cinzia.alpini@alice.it','ALPINI CINZIA'),(4233,2,'deborinsky@hotmail.it','GIANI DEBORA'),(4234,2,'robertademajo@me.com','DE MAJO ROBERTA'),(4235,2,'monicaburicchi@libero.it','BURICCHI MONICA'),(4236,2,'simonetta.fiorani@hotmail.it','FIORANI SIMONETTA'),(4237,2,'sabrina.anziano@yahoo.com','ANZIANO BURRONI SABRINA'),(4238,2,'ottonero5@libero.it','COCCHI SILVIA'),(4239,2,'antonio.alterini@alterini.it','ALTERINI ANTONIO'),(4240,2,'alesbilli@gmail.com','BILLI ALESSANDRO'),(4241,2,'giannaefabio@libero.it','PEZZUOLI GIANNA'),(4242,2,'coradeschi@ledavvocati.it','CORADESCHI MARIA LEDA'),(4243,2,'carlafierli@gmail.com','FIERLI CARLA'),(4244,2,'ivanage@live.it','GERARDI IVANA'),(4245,2,'cinziavaleriani@live.it','VALERIANI CINZIA'),(4246,2,'cortesi.debora@gmail.com','CORTESI DEBORA'),(4247,2,'cristina.chierici@libero.it','CHERICI MARIA CRISTINA'),(4248,2,'jaki2002@alice.it','OMARINI FRANCESCA'),(4249,2,'luanagaudini@alice.it','GAUDINI LUANA'),(4382,2,'leila-garzillo@virgilio.it','GARZILLO LEILA'),(4383,2,'stefano.mori@eutelia.com','MORI STEFANO'),(4384,2,'i.colopi_radiconvento@tin.it','COLOPI ISABELLA'),(4385,2,'desy@yahoo.it','BARBAGLI DESIRE'),(4386,2,'isa.borrelli@gmail.com','BORRELLI ISABELLA'),(4387,2,'calabria.chiara88@gmail.com','CALABRIA CHIARA'),(4388,2,'panichi.franc@gmail.com','PANICHI FRANCESCA'),(4389,2,'cristianachiericoni@virgilio.it','CHIERICONI CRISTIANA'),(4390,2,'serena.nocentini@inwind.it','NOCENTINI SERENA'),(4477,2,'costanza.lumini@popvi.it','LUMINI COSTANZA'),(4478,2,'nadiam47@libero.it','MENABONI NADIA'),(4479,2,'initimere@alice.it','MAMMELLI DORETTA'),(4480,2,'massimo.biancucci63@libero.it','BIANCUCCI MASSIMO'),(4481,2,'candi@tim.it','BORGHINI CANDIDA'),(4482,2,'cioniandrea2@gmail.com','CIONI ANDREA'),(4483,2,'lucia.guicciardi@libero.it','GUICCIARDI LUCIA'),(4484,2,'julia_06@hotmail.it','PAFFETTI ALESSANDRO'),(4485,2,'s.parolai@vipcarspa.it','PAROLAI SERGIO'),(4486,2,'b.rustici@alice.it','RUSTICI BARBARA'),(4559,2,'elisabettafusco@gmail.com','FUSCO ELISABETTA'),(4560,2,'md19.84@tiscali.it','DUSSO MANUELA'),(4561,2,'g.monn@tin.it','BENIGNI SILVIA'),(4567,2,'ciumachella81@hotmail.it','MARZIANO FRANCESCA'),(4568,2,'chicchi@alice.it','MATERAZZI LUCA'),(4569,2,'cristinanardis@virgilio.it','NARDIS MARIA CRISTINA'),(4570,2,'pieraccinimarco@alice.it','PIERACCINI MARCO'),(4571,2,'dpetra@live.it','DAVID PETRONELA'),(4572,2,'viculia@infinito.it','ORYSHICH YULIYA'),(4573,2,'nicolameciani@tiscali.it','MECIANI NICOLA'),(4574,2,'lunaesp@hotmail.it','ESPOSITO ANNA LUCIA'),(4575,2,'s.keienburg@googlemail.com','KEIENBURG SUSANNA'),(4576,2,'francesco.carmetti@virgilio.it','CARMETTI FRANCESCO'),(4577,2,'riccardo.locantore@yahoo.it','LOCANTORE RICCARDO'),(4578,2,'sonia.lomolino@alice.it','SIMONELLI RODOLFO'),(4579,2,'fronon@libero.it','ALMONTE NANGJ'),(4580,2,'a.polla@alice.it','POLLA ALESSANDRA'),(4581,2,'fg.bonci@yahoo.it','CORCIAIA ERIKA'),(4582,2,'alerenna@alice.it','RENNA ALESSANDRA'),(4583,2,'stefano_ferraresi@libero.it','FERRARESI STEFANO'),(4585,2,'cirosmarino@virgilio.it','CI.DA.SI SAS DI C.MARINO'),(4610,2,'albicocca3@alice.it','GIUSTI CLAUDIO'),(4627,2,'josi@virgilio.it','PEROTTI GIUSY'),(4628,2,'d.manichi@virgilio.it','MANICHI DANIELA'),(4629,2,'paolapaggini@alice.it','PAGGINI PAOLA'),(4630,2,'p.calamati@comune.arezzo.it','CALAMATI PAOLA'),(4631,2,'patriziafabiani@hotmail.it','FABIANI PATRIZIA'),(4676,2,'vittoriaorlandi@rockemail.com','ORLANDI VITTORIA CATERINA'),(4677,2,'monica.grechi@hotmail.it','GRECHI MONICA'),(4678,2,'rotter1@cheapnet.it','TERRACINA LISA'),(4679,2,'vibabitre@yahoo.it','DE SIMONE ROSARIA'),(4680,2,'mara_marzocchi@gmail.com','MARZOCCHI MARA'),(4681,2,'maxdraghi@gmail.com','DRAGHI MASSIMILIANO'),(4682,2,'angian3@tin.it','DE LUCIA ANGELO'),(4683,2,'lelli.paolo@alice.it','LELLI PAOLO'),(4684,2,'kent_la4@tiscali.it','KENT LAILA'),(4685,2,'reimes@libero.it','REINA DANIELA'),(4686,2,'giulia_s20@hotmail.it','SABINI GIULIA'),(4687,2,'zedyna@live.it','GIANNETTI LAURA'),(4688,2,'flaminia93@hotmail.it','VEGNI FLAMINIA'),(4689,2,'barbaracarrozzino@yahoo.it','CARROZZINO BARBARA'),(4690,2,'collinedimaremma@gmail.com','DONNARUMMA UMBERTO'),(4696,2,'famgal1994@alice.it','BIANCUCCI BARBARA'),(4697,2,'roberta.mascalchi@alice.it','MASCALCHI ROBERTA'),(4698,2,'luciagiusti13@libero.it','GIUSTI LUCIA'),(4699,2,'ely.finzi@gmail.com','FINZI ELISA'),(4724,2,'riccardogrosseto@gmail.com','VELTRENI RICCARDO'),(4725,2,'pinzutil@libero.it','PINZUTI LAURA'),(4726,2,'ceceviola@virgilio.it','SALVADORI VIOLA'),(4727,2,'giusiba@gmail.com','BADIA GIUSI'),(4728,2,'ariex83@yahoo.it','LEONI FRANCESCA'),(4729,2,'hi.anna.niewczas@gmail.com','NIEWCZAS ANNA'),(4730,2,'matteo_dandrea@libero.it','DANDREA MATTEO'),(4839,2,'maurizio.melzi@finital.it','MELZI MAURIZIO'),(4890,2,'manu.sbarde@libero.it','SBARDELLATI MANUELA'),(4891,2,'mluisaromanelli@yahoo.it','ROMANELLI MARIA LUISA'),(4892,2,'marinaboschi@me.com','BOSCHI MARINA'),(4893,2,'fra.ste88@yahoo.it','MATINI STEFANO'),(4894,2,'valentinabenina@gmail.com','BENINI VALENTINA'),(4895,2,'vamp.ivana@libero.it','ALI DANIELE'),(4896,2,'giobiz@katamail.com','BIZZELLI GIOVANNI'),(4897,2,'p.arcangioli@studioarcangioli.it','ARCANGIOLI PIERANGELO'),(4930,2,'monia.battagliam@libero.it','BATTAGLIA MONIA'),(4931,2,'markus1985@live.it','GRAMAZIO MARCO'),(4932,2,'ciavattinifrancesca@hotmail.it','CIAVATTINI FRANCESCA'),(4933,2,'mimmoaurilio@gmail.com','AURILIO DOMENICO'),(4934,2,'amilcara@tiscali.it','AVOLI AMILCARA'),(4935,2,'c.ventrone@tiscali.it','VENTRONE CARMEN'),(4936,2,'daniele.menale@hotmail.it','MENALE DANIELE'),(4937,2,'nunzia.scialpi@libero.it','SCIALPI NUNZIA'),(4938,2,'fantimarta@vodafone.it','FANTI MARTA'),(4939,2,'conti.pierangela@yahoo.it','CONTI PIERANGELA'),(4961,2,'novella.onofri@nextspa.com','ONOFRI NOVELLA'),(5017,2,'daniela.mariani@telecomitalia.it','MARIANI DANIELA'),(5051,2,'serenaarri@libero.it','ARRIGUCCI SERENA'),(5052,2,'francine_bartoli@yahoo.it','BARTOLI FRANCINE'),(5053,2,'darittienrico@hotmail.it','DARITTI ENRICO'),(5054,2,'igor.giusta@gmail.com','GIUSTARINI IGOR'),(5055,2,'matteolandi@hotmail.com','LANDI MATTEO'),(5056,2,'monica@isoladelgiglio.net','BANCALA MONICA'),(5057,2,'ercolani.sabrina@alice.it','ERCOLANI SABRINA'),(5058,2,'elebellucci@gmail.com','BELLUCCI ELENA'),(5059,2,'elenasolare79@live.it','PREZIOSI ELENA'),(5060,2,'antoniogalluccio75@yahoo.it','GALLUCCIO ANTONIO'),(5061,2,'clemefra@live.it','CLEMENTINI FRANCESCO'),(5062,2,'ileniain@gmail.com','INDIATI ILENIA'),(5063,2,'lippichiara@libero.it','LIPPI CHIARA'),(5087,2,'ajmmail@tin.it','QUINTA STAGIONE S.r.l. a socio unico'),(5114,2,'laurahp@hotmail.it','CROCI LAURA'),(5115,2,'atorklabrusco@yahoo.it','LA BRUSCO ATORK NARIA GIOVANNA'),(5219,2,'manu.birba@hotmail.it','BURBI MANUELA'),(5220,2,'alessandrosantovito@libero.it','SANTOVITO ALESSANDRO'),(5221,2,'sadasats@gmail.com','KHALSA SADA SAT'),(5222,2,'mazzonipaola@hotmail.com','MAZZONI PAOLA'),(5223,2,'mariagrazia_divirgilio@yahoo.it','DI VIRGILIO MARIA GRAZIA'),(5224,2,'piti46@inwind.it','PITEO MARCELLO'),(5225,2,'nicolamasci@hotmail.it','GALEAZZI NICOLA'),(5226,2,'annamariatraetta@gmail.com','TRAETTA ANNAMARIA'),(5239,2,'s.cucini@libero.it','CUCINI SILVIA'),(5240,2,'sabrina.far@hotmail.it','FARSETTI SABRINA'),(5292,2,'alessandroandr@hotmail.it','ANDREUCCI ALESSANDRO'),(5293,2,'info.condominio@katamail.com','ANDREOLI MARZIA'),(5294,2,'maxfico@inwind.it','TIMPANARO MASSIMILIANO'),(5295,2,'chiararotellini@gmail.com','ROTELLINI CHIARA'),(5296,2,'claudio.merlini@hotmail.it','MERLINI CLAUDIO'),(5329,2,'elenagiannettoni@live.it','GIANNETTONI ELENA'),(5386,2,'francesca@teleradiocentrale.it','SANTINI FRANCESCA'),(5387,2,'alefratini@hotmail.it','FRATINI ALESSANDRA'),(5388,2,'guazzini@unisi.it','GUAZZINI FEDERICA'),(5389,2,'riccigiacomomaria@gmail.com','RICCI GIACOMO MARIA'),(5390,2,'moma_mokana@hotmail.it','BASAGNI MONICA'),(5391,2,'barbaravinerbi@gmail.com','VINERBI BARBARA'),(5392,2,'lialabasagni@confcommercio.ar.it','BASAGNI LIALA'),(5399,2,'marinapaoletti@yahoo.it','PAOLETTI MARINA'),(5415,2,'valentinavolpi2@gmail.com','VOLPI VALENTINA'),(5416,2,'edi_gentilini@icloud.com','GENTILI EDI'),(5454,2,'barbara.bennati@virgilio.it','BENNATI BARBARA'),(5455,2,'gennaro_alfieri@gmail.it','TAVALLO GIULIANA'),(5459,2,'paola81@aruba.it','IACAPRARO PAOLA'),(5460,2,'alkorta@libero.it','MELILLO ANTONIO'),(5461,2,'juliano.cesar.ferreira@usp.br','FERREIRA JULIANO CESAR'),(5462,2,'leonardo.stampa@yahoo.it','STAMPA LEONARDO'),(5466,2,'becksr2007@libero.it','ROSSI SIMONE'),(5471,2,'barocciaio@gmail.com','LAZZERONI MICHELE'),(5472,2,'candiveronica@hotmail.it','CANDI VERONICA'),(5505,2,'lucya77gr@yahoo.it','GOLINI LUCIA'),(5506,2,'jade87@virgilio.it','COPPI GIADA'),(5507,2,'biofanna@gmail.com','FALCO ANNA'),(5515,2,'giulia.trappoloni@libero.it','TRAPPOLONI GIULIA'),(5517,2,'jajda85@gmail.com','MILOEVA ANDONOVA MANUELA'),(5520,2,'sarapunto@tiscali.it','BETTI SARA'),(5559,2,'sasa.oltremare@hotmail.it','PERUGINI SABRINA'),(5560,2,'f.belle@filprato.it','BELLE FRANCESCA'),(5575,2,'elisabetta.tosi@hotmail.it','TOSI ELISABETTA'),(5576,2,'susizup@gmail.com','CIACCI SUSANNA'),(5577,2,'moripatrizia@hotmail.it','MORI PATRIZIA'),(5579,2,'zeffirino_13@hotmail.it','ZEFFIRI FRANCESCO'),(5580,2,'giuliotiezzi@gmail.com','TIEZZI GIULIO'),(5594,2,'p.pacenti@gmail.com','PACENTI PAOLA'),(5595,2,'luciafacchielli@yahoo.it','FACCHIELLI LUCIA'),(5596,2,'marianovella.p@alice.it','PEPE MARIA NOVELLA'),(5597,2,'valentina.fiorenzoni@gmail.com','SERAFINI VALENTINA'),(5598,2,'sara.salvadori74@gmail.com','SALVADORI SARA'),(5599,2,'sarapierazzi@hotmail.it','PIERAZZI SARA'),(5624,2,'blertaereqi@hotmail.com','BLERTA EREQI'),(5626,2,'maiorello.catia@gmail.com','MAIORELLO CATIA'),(5633,2,'troiano.marco81@gmail.com','TROIANO MARCO'),(5646,2,'giuliamencucci@hotmail.it','MENCUCCI GIULIA'),(5647,2,'lindabirolo@libero.it','BIROLO LINDA'),(5648,2,'cleme_83@libero.it','FORNASARI CLEMENTINA'),(5649,2,'mila.massi@simsitaly.it','MASSI MILA'),(5650,2,'elettra.abatucci@hotmail.it','ABATUCCI ELETTRA'),(5654,2,'frandalf@libero.it','SERGIO FRANCESCA'),(5655,2,'tarnatrade@yahoo.it','TARNA BACOSCA DANIEL'),(5656,2,'a.signorini@gmail.com','SIGNORINI ANNA'),(5667,2,'ricky.vignali@virgilio.it','VIGNALI RICCARDO'),(5681,2,'merion81@libero.it','FRANCO MARIA'),(5682,2,'debora_71_2013@libero.it','DAMICO DEBORA'),(5683,2,'albertoragnini@gmail.com','RAGNINI ALBERTO'),(5684,2,'bar.movida@yahoo.it','TASSI NICOLA'),(5685,2,'sonni.massimo@libero.it','SONNI MASSIMO'),(5686,2,'silvianutini12@gmail.com','NUTINI SILVIA'),(5687,2,'stefanoalbini@ymail.com','ALBINI STEFANO'),(5688,2,'monicaduccini@hotmail.it','DUCCINI MONICA'),(5689,2,'dilebenci89@gmail.com','BENCIVENNI DILETTA'),(5690,2,'info@liberiamoci.it','FERIPPI VALENTINA'),(5691,2,'laurtava@hotmail.com','TAVANTI LAURA'),(5692,2,'alex_ferroni@live.it','FERRONI ALESSANDRO'),(5693,2,'robertamerlino@virgilio.it','MERLINO ROBERTA'),(5694,2,'patriziapaolini1950@gmail.com','PAOLINI PATRIZIA'),(5695,2,'stella1425@hotmail.it','RINALDO MARINA'),(5715,2,'elenafanani@hotmail.it','FANANI ELENA'),(5716,2,'luca-rigoni@virgilio.it','RIGONI LUCA'),(5743,2,'mauramariani@mauramariani.it','MARIANI MAURA'),(5747,2,'giardinoricco@gmail.com','MAZZANTI FERDERICA'),(5758,2,'francescagrassi@yahoo.it','GRASSI FRANCESCA'),(5759,2,'stefaniavanni@me.com','VANNI STEFANIA'),(5792,2,'lucia.morucci@gmail.com','MORUCCI LUCIA'),(5793,2,'luigia_rinelli@alice.it','RINELLI LUIGIA'),(5794,2,'erica.dilda@gmail.com','DILDA ERICA'),(5820,2,'vannicelli.giuseppe@gmail.com','VANNICELLI GIUSEPPE'),(5825,2,'info@palazzomarzocchi.com','MARZOCCHI DONATELLA'),(5826,2,'luisellaorsini@libero.it','ORSINI LUISELLA'),(5827,2,'lilianamasieri@hotmail.com','MASIERI LILIANA'),(5828,2,'dominati@live.it','DOMINATI CARLOTTA'),(5829,2,'naldi.massimiliano@gmail.com','NALDI MASSIMILIANO'),(5830,2,'melissa.verdelli@hotmail.it','VERDELLI MELISSA'),(5831,2,'marialuisa.lilli@yahoo.it','CECCHERINI MARIA LUISA'),(5856,2,'alex.saitta1969@tiscali.it','SAITTA ALESSANDRO'),(5892,2,'antonella_violante@libero.it','VIOLANTE ANTONELLA'),(5893,2,'paola.agostino89@libero.com','DAGOSTINO PAOLA'),(5894,2,'asalvadori071963@libero.it','SALVADORI ALESSANDRA'),(5937,2,'beacam76@libero.it','CAMILLI BEATRICE'),(5938,2,'madi-madi@alice.it','BARTOLINI MARIA GRAZIA'),(5939,2,'fnandapaula@hotmail.com','FERNANDA GOMES DE PAULA'),(5940,2,'betelgeuse75@libero.it','DE ANGELIS BARBARA'),(5941,2,'caterina.campo@email.it','CAMPO CATERINA'),(5947,2,'pietrocavaliere@libero.it','CAVALIERE PIETRO'),(5948,2,'sissi.sitra@gmail.com','ROSSI SILVIA'),(5997,2,'mar30.marketing@gmail.com','TRENTA MARINA'),(6005,2,'francescatenti@yahoo.com','TENTI FRANCESCA'),(6010,2,'antonio.brizzi@gmail.com','BRIZZI ANTONIO'),(6026,2,'sosa.mcecilia@gmail.com','SOSA MARIA CECILIA'),(6167,2,'chiaragabbolini@hotmail.com','GABBOLINI CHIARA'),(6206,2,'rosi.uguzzoni@live.it','UGUZZONI ROSALIA'),(6207,2,'nenny19@live.it','HASSAN JENNIFER'),(6208,2,'boanda@libero.it','NORCINI MARIA GRAZIA'),(6209,2,'giovanna.pistelli@gmail.com','PISTELLI GIOVANNA'),(6210,2,'maida.salusti@telecomitalia.it','SALUSTI MAIDA'),(6211,2,'chiara.andreini@hotmail.it','ANDREINI CHIARA'),(6212,2,'saruccia1978@alice.it','ANTONI SARA'),(6213,2,'maria.valvano@libero.it','VALVANO MARIA'),(6214,2,'alessandro.anglani@yahoo.it','ANGLANI ALESSANDRO'),(6215,2,'superpresi@gmail.com','GIULIANI MARCO'),(6216,2,'ornella02@gmail.com','BAZZECHI ORNELLA'),(6217,2,'mammalela76@yahoo.it','NAVARRINI EMANUELA'),(6218,2,'laurettagrada@gmail.com','GRADASSI LAURA'),(6219,2,'dbresciani74@hotmail.it','BRESCIANI DEBORA'),(6220,2,'simona.penza@gmail.com','PENZA SIMONA'),(6221,2,'aricceri@artex.firenze.it','RICCERI ALESSANDRO'),(6222,2,'arianna.deldotto@virgilio.it','DEL DOTTO ARIANNA'),(6226,2,'giordanadicarlo@virgilio.it','DI CARLO GIORDANA'),(6227,2,'info@absystem2000.it ',' info@toscanabarcode.com'),(6268,2,'emanuela.lembo@libero.it','LEMBO EMANUELA'),(6285,2,'annalisa.angeli@yahoo.it','ANGELI ANNALISA'),(6286,2,'francescovolapiacenza@virgilio.it','VOLA FRANCESCO'),(6308,2,'grazia.donati@yahoo.it','DONATI MARIA GRAZIA'),(6309,2,'pista1412@alice.it','SANTINON EMANUELA'),(6310,2,'silviaredditi@hotmail.com','REDDITI SILVIA'),(6348,2,'pepito66@hotmail.com','MUSA OSMAN'),(6373,2,'rossella.chiaroni@alice.it','CHIARONI ROSSELLA'),(6379,2,'denimi@alice.it','DE NIGRIS MICHELE'),(6434,2,'fabianamirabilio@libero.it','MIRABILIO FABIANA'),(6453,2,'stefania.lombardelli@alice.it','LOMBARDELLI STEFANIA'),(6454,2,'maria.rosaria.curcio@alice.it','CUCRCIO MARIA ROSARIA'),(6455,2,'carlo.bernini1@mps.it','BERNINI CARLO'),(6456,2,'ltanzini@eng.it','TANZINI LUCIA'),(6457,2,'gianlucavalori@yahoo.it','VALORI GIANLUCA'),(6458,2,'francesco.ferrari83@hotmail.it','FERRARI FRANCESCO'),(6459,2,'info@pietratonda.com','CIPRIANI CHIARA'),(6460,2,'alessandra.tognozzi@alice.it','TOGNOZZI ALESSANDRA'),(6461,2,'fralifecafe@gmail.com','MALINVERNO FRANCESCO'),(6462,2,'vannaangiolini@gmail.com','ANGIOLINI VANNA'),(6463,2,'antoniettapuccinelli@libero.it','PUCCINELLI ANTONIETTA'),(6464,2,'g.dainese@madestudiolegale.it','DAINESE GIOVANNA'),(6465,2,'stefaniamontinaro70@gmail.com','MONTINARO STEFANIA'),(6466,2,'h.dayris@yahoo.it','HERNANDEZ DAYRIS'),(6467,2,'robertasardelli@libero.it','SARDELLI ROBERTA'),(6468,2,'micutilinda@yahoo.it','MORINOIV ELENA LOREDANA'),(6469,2,'annalisa.cancellieri@alice.it','CANCELLIERI ANNALISA'),(6470,2,'martini_immobiliare@virgilio.it','MARTINI SIMONE'),(6471,2,'armandaaa@libero.it','MENIN ARMANDA'),(6472,2,'francesco.atzeni@gmail.com','ATZENI FRANCESCO'),(6473,2,'alessiafcantieri@alice.it','CANTIERI ALESSIA FRANCA'),(6474,2,'sabrizap.arte@hotmail.it','ZAPPALA SABRINA'),(6475,2,'jasmine.induni.92@gmail.com','INDUNI JASMINE'),(6476,2,'onlyelena@hotmail.it','GRILLO ELENA'),(6477,2,'enricotonelli2013@gmail.com','TONELLI ENRICO'),(6478,2,'g.ghioni@dolmen.it','GHIONI GERARDO'),(6479,2,'silvia.torrini@inwind.it','TORRINI SILVIA'),(6480,2,'m.nardi@pcbox.it','NARDI MARIOLINA'),(6481,2,'luciavecoli55@gmail.com','VECOLI LUCIA'),(6482,2,'guazzini.francesco@gmail.com','GUAZZINI FRANCESCO'),(6483,2,'dangelofran@virgilio.it','DANGELO FRANCESCO'),(6484,2,'antonellasaletti@libero.it','SALETTI ANTONELLA'),(6485,2,'jamm312@gmail.com','PAPPALARDO GIANMARCO'),(6486,2,'sonilamara@yahoo.com','MARAJ SONILA'),(6487,2,'antovit@hotmail.it','VITULLO ANTONELLA'),(6488,2,'antoniamannina@gmail.com','MANNINA ANTONIA'),(6489,2,'sonia.maggi@clicsi.net','MAGGI SONIA'),(6490,2,'lordmmg@live.com','MICHILE GEORGE MADALI'),(6491,2,'setaro.f@libero.it','SETARO FERNANDA'),(6492,2,'jeanlucort@hotmail.com','CORTOPASSI GIANLUCA'),(6493,2,'laura.bertuccelli@inwind.it','BERTUCCELLI LAURA'),(6494,2,'stefia2000@hotmail.it','DE LUCA STEFANIA'),(6495,2,'aleandro.pescia@libero.it','PESCIA ALESSANDRO'),(6496,2,'gianni.porciani@gmail.com','PORCIANI GIANNI'),(6497,2,'faumazze@alice.it','ASTI CRISTINA'),(6498,2,'maricasimo@libero.it','SIMONELLI MARICA'),(6499,2,'marcozzi@hotmail.com','FANTOZZI MARCO'),(6500,2,'lapo.querci@gmail.com','QUERCI LAPO'),(6501,2,'edoardo.lembo@gmail.com','LEMBO EDOARDO'),(6502,2,'giuli_87@hotmail.it','GOBBI GIULIA'),(6503,2,'claudio@ghericostruzioni.it','GHERI CLAUDIO'),(6504,2,'rosanna.fantini@virgiolio.it','FANTINI ROSANNA'),(6505,2,'marcoromualdi90@gmail.com','ROMUALDI MARCO'),(6506,2,'tognazzi@museisenesi.org','TOGNAZZI ANTONELLA'),(6507,2,'luisa.lapucci@libero.it','LAPUCCI LUISA'),(6508,2,'annsofiazanda@gmail.com','ZANDA ANN SOFIA'),(6509,2,'bucalossi.ginevra@gmail.com','BUCALOSSI GINEVRA'),(6510,2,'giulia.gambineri@gmail.com','GAMBINERI GIULIA'),(6511,2,'gabriele.birelli@alice.it','BIRELLI GABRIELE'),(6512,2,'a.delcorona@gmail.com','DEL CORONA ANDREA'),(6513,2,'lorenz-poltri@hotmail.it','POLTRI LORENZO'),(6514,2,'beppet76@tiscali.it','TRAVERSA GIUSEPPE'),(6515,2,'geom.agonigi@gmail.com','AGONIGI FABIO'),(6516,2,'foxyseta@hotmail.com','VOLPE MICHELA'),(6517,2,'nicoletta.niccolai@alice.it','NICCOLAI NICOLETTA'),(6518,2,'gemma.martini@alice.it','MARTINI GEMMA'),(6519,2,'niccolo.romano75@gmail.com','ROMANO NICCOLO'),(6520,2,'conchita.zappulla@libero.it','ZAPPULLA CONCHITA'),(6521,2,'gianlucadelgrande@gmail.com','DEL GRANDE GIANLUCA'),(6522,2,'s.tocchini@studiobandecca.it','TOCCHINI STEFANO'),(6523,2,'easycasacentro@gmail.com','SOLDAINI ELISABETTA'),(6524,2,'belluccini@gmail.com','BELLUCCINI FABIO'),(6525,2,'gatti.tami@gmail.com','GATTI TAMARA'),(6526,2,'feffasechi@gmail.com','SECHI DONATELLA'),(6527,2,'em.carassiti@virgilio.it','CARASSITI EMANUELA'),(6528,2,'info@liveranisport.it','TAMBRESONI ALIMATA'),(6529,2,'michela.lucherini@gmail.com','LUCHERINI MICHELA'),(6530,2,'simone.del.magro@gmail.com','DEL MAGRO SIMONE'),(6531,2,'astevanessa@libero.it','ASTE VANESSA'),(6532,2,'tania.gsv@gmail.com','GUSEVA TANIA'),(6533,2,'lisa.stagi@virgilio.it','STAGI LISA'),(6534,2,'spina.silvia@hotmail.it','SPINA SILVIA'),(6535,2,'b.binazzi@tin.it','BINAZZI BENEDETTA'),(6536,2,'lucillafaver@yahoo.it','FAVER LUCILLA'),(6537,2,'chifenti87@gmail.com','CHIFENTI ANDREA'),(6538,2,'ti.cento@yahoo.it','CENTOMANI TIZIANA'),(6539,2,'stefano-magnani@libero.it','MAGNANI STEFANO'),(6540,2,'letizia.rinaldi@tiscali.it','RINALDI LETIZIA'),(6541,2,'peva2013@yahoo.com','EVANGELISTA PAOLO'),(6542,2,'mario-nasti@virgilio.it','NASTI MARIO'),(6543,2,'floriano@studiobenefortiemarchi.it','MARCHI FLORIANO');
/*!40000 ALTER TABLE `mail` ENABLE KEYS */;
UNLOCK TABLES;

--
-- Table structure for table `mail_group`
--

DROP TABLE IF EXISTS `mail_group`;
/*!40101 SET @saved_cs_client     = @@character_set_client */;
/*!40101 SET character_set_client = utf8 */;
CREATE TABLE `mail_group` (
  `idMailGroup` int(11) NOT NULL AUTO_INCREMENT,
  `txMailGroup` varchar(100) DEFAULT NULL,
  PRIMARY KEY (`idMailGroup`)
) ENGINE=InnoDB AUTO_INCREMENT=8 DEFAULT CHARSET=utf8;
/*!40101 SET character_set_client = @saved_cs_client */;

--
-- Dumping data for table `mail_group`
--

LOCK TABLES `mail_group` WRITE;
/*!40000 ALTER TABLE `mail_group` DISABLE KEYS */;
INSERT INTO `mail_group` VALUES (1,'Online'),(2,'Altri'),(3,'Siena'),(4,'Arezzo'),(5,'Lucca'),(6,'Follonica'),(7,'Castiglione della Pescaia');
/*!40000 ALTER TABLE `mail_group` ENABLE KEYS */;
UNLOCK TABLES;

--
-- Table structure for table `material`
--

DROP TABLE IF EXISTS `material`;
/*!40101 SET @saved_cs_client     = @@character_set_client */;
/*!40101 SET character_set_client = utf8 */;
CREATE TABLE `material` (
  `idMaterial` int(11) NOT NULL,
  `idLanguages` varchar(2) NOT NULL,
  `txMaterial` varchar(200) DEFAULT NULL,
  PRIMARY KEY (`idMaterial`,`idLanguages`)
) ENGINE=InnoDB DEFAULT CHARSET=utf8;
/*!40101 SET character_set_client = @saved_cs_client */;

--
-- Dumping data for table `material`
--

LOCK TABLES `material` WRITE;
/*!40000 ALTER TABLE `material` DISABLE KEYS */;
INSERT INTO `material` VALUES (1,'en','COTTON'),(1,'it','COTONE'),(2,'en','SILK'),(2,'it','SETA'),(3,'en','WOOL'),(3,'it','LANA'),(4,'en','LEATHER'),(4,'it','PELLE');
/*!40000 ALTER TABLE `material` ENABLE KEYS */;
UNLOCK TABLES;

--
-- Table structure for table `nazioni`
--

DROP TABLE IF EXISTS `nazioni`;
/*!40101 SET @saved_cs_client     = @@character_set_client */;
/*!40101 SET character_set_client = utf8 */;
CREATE TABLE `nazioni` (
  `idNazione` varchar(100) NOT NULL,
  `idLanguages` varchar(2) NOT NULL,
  PRIMARY KEY (`idNazione`)
) ENGINE=InnoDB DEFAULT CHARSET=utf8;
/*!40101 SET character_set_client = @saved_cs_client */;

--
-- Dumping data for table `nazioni`
--

LOCK TABLES `nazioni` WRITE;
/*!40000 ALTER TABLE `nazioni` DISABLE KEYS */;
INSERT INTO `nazioni` VALUES ('Afghanistan','en'),('Albania','en'),('Algeria','en'),('American Samoa','en'),('Andorra','en'),('Angola','en'),('Anguilla','en'),('Antigua and Barbuda','en'),('Argentina','en'),('Armenia','en'),('Aruba','en'),('Australia','en'),('Austria','en'),('Azerbaijan','en'),('Bahamas','en'),('Bahrain','en'),('Bangladesh','en'),('Barbados','en'),('Belarus','en'),('Belgium','en'),('Belize','en'),('Benin','en'),('Bermuda','en'),('Bhutan','en'),('Bolivia','en'),('Bonaire','en'),('Bosnia and Herzegovina','en'),('Botswana','en'),('Brazil','en'),('Brunei Darussalam','en'),('Bulgaria','en'),('Burkina Faso','en'),('Burundi','en'),('Cambodia','en'),('Cameroon','en'),('Canada','en'),('Canary Islands','en'),('Cape Verde','en'),('Cayman Islands','en'),('Center Africa','en'),('Chad','en'),('Chile','en'),('China','en'),('Colombia','en'),('Comoros','en'),('Congo','en'),('Cook Islands','en'),('Costa Rica','en'),('Croatia','en'),('Cuba','en'),('Curacao','en'),('Cyprus','en'),('Czech Republic','en'),('Denmark','en'),('Djibouti','en'),('Dominica','en'),('Dominican Republic','en'),('East Timor','en'),('Ecuador','en'),('Egypt','en'),('El Salvador','en'),('England','en'),('Equatorial Guinea','en'),('Eritrea','en'),('Estonia','en'),('Ethiopia','en'),('Falkland Islands','en'),('Faroe Islands','en'),('Fiji','en'),('Finland','en'),('France','en'),('French Guiana','en'),('Gabon','en'),('Galles','en'),('Gambia','en'),('Georgia','en'),('Germany','en'),('Ghana','en'),('Gibraltar','en'),('Greece','en'),('Greenland','en'),('Grenada','en'),('Guadeloupe','en'),('Guam','en'),('Guatemala','en'),('Guernsey','en'),('Guinea','en'),('Guinea-Bissau','en'),('Guyana','en'),('Haiti','en'),('Honduras','en'),('Hong Kong','en'),('Hungary','en'),('Iceland','en'),('India','en'),('Indonesia','en'),('Iran','en'),('Iraq','en'),('Ireland','en'),('Israel','en'),('ITALIA','it'),('Ivory Coast','en'),('Jamaica','en'),('Japan','en'),('Jersey','en'),('Jordan','en'),('Kazakhstan','en'),('Kenya','en'),('Kiribati','en'),('Kosovo','en'),('Kuwait','en'),('Kyrgyzstan','en'),('Lao','en'),('Latvia','en'),('Lebanon','en'),('Lesotho','en'),('Liberia','en'),('Libya','en'),('Liechtenstein','en'),('Lithuania','en'),('Luxembourg','en'),('Macao','en'),('Macedonia','en'),('Madagascar','en'),('Malawi','en'),('Malaysia','en'),('Maldives','en'),('Mali','en'),('Malta','en'),('Marshall Islands','en'),('Martinique','en'),('Mauritania','en'),('Mauritius','en'),('Mayotte','en'),('Mexico','en'),('Micronesia','en'),('Moldova','en'),('Monaco','en'),('Mongolia','en'),('Montenegro','en'),('Montserrat','en'),('Morocco','en'),('Mozambique','en'),('Myanmar, Burma','en'),('Namibia','en'),('Nauru','en'),('Nepal','en'),('Netherlands','en'),('Nevis','en'),('New Caledonia','en'),('New Zealand','en'),('Nicaragua','en'),('Niger','en'),('Nigeria','en'),('Niue','en'),('Nord Ireland','en'),('North Korea','en'),('Norway','en'),('Oman','en'),('Pakistan','en'),('Palau','en'),('Panama','en'),('Papua New Guinea','en'),('Paraguay','en'),('Peru','en'),('Philippines','en'),('Poland','en'),('Portugal','en'),('Puerto Rico','en'),('Qatar','en'),('Reunion Island','en'),('Romania','en'),('Russian Federation','en'),('Rwanda','en'),('Saint Barthelemy','en'),('Saint Eustatius','en'),('Saint Kitts and Nevis','en'),('Saint Lucia','en'),('Saint Maarten','en'),('Saint Vincent e Grenadine','en'),('Saipan','en'),('Samoa','en'),('Saudi Arabia','en'),('Scotland','en'),('Senegal','en'),('Serbia','en'),('Seychelles','en'),('Sierra Leone','en'),('Singapore','en'),('Slovakia','en'),('Slovenia','en'),('Solomon Islands','en'),('Somalia','en'),('South Africa','en'),('South Korea','en'),('South Sudan','en'),('Spain','en'),('Sri Lanka','en'),('Sudan','en'),('Suriname','en'),('Swaziland','en'),('Sweden','en'),('Switzerland','en'),('Syria','en'),('Tahiti','en'),('Taiwan','en'),('Tajikistan','en'),('Tanzania','en'),('Thailand','en'),('Togo','en'),('Tonga','en'),('Trinidad and Tobago','en'),('Tunisia','en'),('Turkey','en'),('Turks and Caicos Islands','en'),('Tuvalu','en'),('Uganda','en'),('Ukraine','en'),('United Arab Emirates','en'),('United Kingdom','en'),('United States','en'),('Uruguay','en'),('Uzbekistan','en'),('Vanuatu','en'),('Venezuela','en'),('Vietnam','en'),('Virgin Islands','en'),('Yemen','en'),('Zambia','en'),('Zimbabwe','en');
/*!40000 ALTER TABLE `nazioni` ENABLE KEYS */;
UNLOCK TABLES;

--
-- Table structure for table `order_refound`
--

DROP TABLE IF EXISTS `order_refound`;
/*!40101 SET @saved_cs_client     = @@character_set_client */;
/*!40101 SET character_set_client = utf8 */;
CREATE TABLE `order_refound` (
  `idRefound` int(11) NOT NULL AUTO_INCREMENT,
  `idOrder` int(11) NOT NULL,
  `idUser` varchar(100) NOT NULL,
  `idTransaction` varchar(45) DEFAULT NULL,
  `imRefound` decimal(15,2) DEFAULT NULL,
  `txChangeRefound` varchar(250) DEFAULT NULL,
  `fgChangeRefound` char(1) DEFAULT NULL,
  `fgPartialRefound` tinyint(1) DEFAULT NULL,
  PRIMARY KEY (`idRefound`),
  KEY `fk_Order_Refound_Orders1_idx` (`idOrder`),
  KEY `fk_Order_Refound_Customer1_idx` (`idUser`),
  CONSTRAINT `fk_Order_Refound_Customer1` FOREIGN KEY (`idUser`) REFERENCES `customer` (`idUser`) ON DELETE NO ACTION ON UPDATE NO ACTION,
  CONSTRAINT `fk_Order_Refound_Orders1` FOREIGN KEY (`idOrder`) REFERENCES `orders` (`idOrder`) ON DELETE NO ACTION ON UPDATE NO ACTION
) ENGINE=InnoDB DEFAULT CHARSET=utf8;
/*!40101 SET character_set_client = @saved_cs_client */;

--
-- Dumping data for table `order_refound`
--

LOCK TABLES `order_refound` WRITE;
/*!40000 ALTER TABLE `order_refound` DISABLE KEYS */;
/*!40000 ALTER TABLE `order_refound` ENABLE KEYS */;
UNLOCK TABLES;

--
-- Table structure for table `orders`
--

DROP TABLE IF EXISTS `orders`;
/*!40101 SET @saved_cs_client     = @@character_set_client */;
/*!40101 SET character_set_client = utf8 */;
CREATE TABLE `orders` (
  `idOrder` int(11) NOT NULL AUTO_INCREMENT,
  `idUser` varchar(100) NOT NULL,
  `imOrdine` decimal(15,2) NOT NULL,
  `idTransaction` varchar(45) DEFAULT NULL,
  `idAddressFat` int(11) NOT NULL,
  `idAddressSpe` int(11) NOT NULL,
  `idDeliveryCost` int(11) NOT NULL,
  `idTrackingNumber` varchar(100) DEFAULT NULL,
  `idFidelity` varchar(45) DEFAULT NULL,
  `idCoupon` varchar(45) DEFAULT NULL,
  `pcSconto` int(11) DEFAULT NULL,
  PRIMARY KEY (`idOrder`),
  UNIQUE KEY `idOrder_UNIQUE` (`idOrder`),
  KEY `fk_Orders_Customer1_idx` (`idUser`),
  KEY `fk_Orders_Addresses1` (`idAddressFat`),
  KEY `fk_Orders_Addresses2` (`idAddressSpe`),
  KEY `fk_Orders_Delivery_Cost1` (`idDeliveryCost`),
  KEY `fk_orders_FidelityCards1_idx` (`idFidelity`),
  KEY `fk_orders_coupons1_idx` (`idCoupon`),
  CONSTRAINT `fk_Orders_Addresses1` FOREIGN KEY (`idAddressFat`) REFERENCES `addresses` (`idAddress`) ON DELETE NO ACTION ON UPDATE NO ACTION,
  CONSTRAINT `fk_Orders_Addresses2` FOREIGN KEY (`idAddressSpe`) REFERENCES `addresses` (`idAddress`) ON DELETE NO ACTION ON UPDATE NO ACTION,
  CONSTRAINT `fk_Orders_Customer1` FOREIGN KEY (`idUser`) REFERENCES `customer` (`idUser`) ON DELETE NO ACTION ON UPDATE NO ACTION,
  CONSTRAINT `fk_Orders_Delivery_Cost1` FOREIGN KEY (`idDeliveryCost`) REFERENCES `delivery_cost` (`idDeliveryCost`) ON DELETE NO ACTION ON UPDATE NO ACTION,
  CONSTRAINT `fk_orders_FidelityCards1` FOREIGN KEY (`idFidelity`) REFERENCES `fidelitycards` (`idFidelity`) ON DELETE NO ACTION ON UPDATE NO ACTION,
  CONSTRAINT `fk_orders_coupons1` FOREIGN KEY (`idCoupon`) REFERENCES `coupons` (`idCoupon`) ON DELETE NO ACTION ON UPDATE NO ACTION
) ENGINE=InnoDB AUTO_INCREMENT=6 DEFAULT CHARSET=utf8;
/*!40101 SET character_set_client = @saved_cs_client */;

--
-- Dumping data for table `orders`
--

LOCK TABLES `orders` WRITE;
/*!40000 ALTER TABLE `orders` DISABLE KEYS */;
INSERT INTO `orders` VALUES (2,'jacopo.frediani@gmail.com',2.00,NULL,1,1,1,NULL,NULL,NULL,0),(3,'jacopo.frediani@gmail.com',4.00,NULL,1,1,1,NULL,NULL,NULL,0),(4,'jacopo.frediani@gmail.com',4.00,NULL,1,1,1,NULL,NULL,NULL,0),(5,'jacopo.frediani@gmail.com',4.00,'4WD612019W906053C',1,1,1,NULL,NULL,NULL,0);
/*!40000 ALTER TABLE `orders` ENABLE KEYS */;
UNLOCK TABLES;

--
-- Table structure for table `orders_articles`
--

DROP TABLE IF EXISTS `orders_articles`;
/*!40101 SET @saved_cs_client     = @@character_set_client */;
/*!40101 SET character_set_client = utf8 */;
CREATE TABLE `orders_articles` (
  `idOrder` int(11) NOT NULL,
  `idProdotto` int(11) NOT NULL,
  `pgArticle` int(11) NOT NULL,
  `qtArticle` int(11) NOT NULL,
  `imArticle` decimal(15,2) DEFAULT NULL,
  `txOrderArticle` varchar(10000) DEFAULT NULL,
  `idOrderArticle` int(11) NOT NULL AUTO_INCREMENT,
  PRIMARY KEY (`idOrderArticle`,`idOrder`,`idProdotto`,`pgArticle`),
  KEY `fk_OrdersArticles_Article1_idx` (`idProdotto`,`pgArticle`),
  KEY `fk_OrdersArticles_Orders1_idx` (`idOrder`),
  CONSTRAINT `fk_OrdersArticles_Article1` FOREIGN KEY (`idProdotto`, `pgArticle`) REFERENCES `article` (`idProduct`, `pgArticle`) ON DELETE NO ACTION ON UPDATE NO ACTION,
  CONSTRAINT `fk_OrdersArticles_Orders1` FOREIGN KEY (`idOrder`) REFERENCES `orders` (`idOrder`) ON DELETE NO ACTION ON UPDATE NO ACTION
) ENGINE=InnoDB AUTO_INCREMENT=10 DEFAULT CHARSET=utf8;
/*!40101 SET character_set_client = @saved_cs_client */;

--
-- Dumping data for table `orders_articles`
--

LOCK TABLES `orders_articles` WRITE;
/*!40000 ALTER TABLE `orders_articles` DISABLE KEYS */;
INSERT INTO `orders_articles` VALUES (2,28,1,1,690.00,NULL,3),(3,28,1,1,690.00,NULL,4),(3,28,1,1,690.00,NULL,5),(4,28,1,1,690.00,NULL,6),(4,28,1,1,690.00,NULL,7),(5,28,1,1,690.00,NULL,8),(5,28,1,1,690.00,NULL,9);
/*!40000 ALTER TABLE `orders_articles` ENABLE KEYS */;
UNLOCK TABLES;

--
-- Table structure for table `product`
--

DROP TABLE IF EXISTS `product`;
/*!40101 SET @saved_cs_client     = @@character_set_client */;
/*!40101 SET character_set_client = utf8 */;
CREATE TABLE `product` (
  `idProduct` int(11) NOT NULL AUTO_INCREMENT,
  `idGender` int(11) DEFAULT NULL,
  `idType` int(11) DEFAULT NULL,
  `idBrand` int(11) DEFAULT NULL,
  `imPrice` decimal(15,0) DEFAULT NULL,
  `pcDiscount` int(11) DEFAULT NULL,
  `txThumbnailsUrl` varchar(100) DEFAULT NULL,
  `idProductState` int(11) DEFAULT NULL,
  `dtProductState` datetime DEFAULT NULL,
  `idCampaign` int(11) DEFAULT NULL,
  `idMaterial` int(11) DEFAULT NULL,
  `specialPrice` decimal(15,0) DEFAULT NULL,
  `tyProduct` int(11) DEFAULT NULL,
  PRIMARY KEY (`idProduct`),
  KEY `idProduct_INDEX1` (`idProduct`),
  KEY `fk_Product_Product_State1` (`idProductState`),
  KEY `fk_Product_Gender1` (`idGender`),
  KEY `fk_Product_Type1` (`idType`),
  KEY `fk_Product_Brand1` (`idBrand`),
  KEY `fk_Product_Campaigns1` (`idCampaign`),
  KEY `fk_Product_Material1` (`idMaterial`),
  CONSTRAINT `fk_Product_Brand1` FOREIGN KEY (`idBrand`) REFERENCES `brand` (`idBrand`) ON DELETE NO ACTION ON UPDATE NO ACTION,
  CONSTRAINT `fk_Product_Campaigns1` FOREIGN KEY (`idCampaign`) REFERENCES `campaigns` (`idCampaign`) ON DELETE NO ACTION ON UPDATE NO ACTION,
  CONSTRAINT `fk_Product_Gender1` FOREIGN KEY (`idGender`) REFERENCES `gender` (`idGender`) ON DELETE NO ACTION ON UPDATE NO ACTION,
  CONSTRAINT `fk_Product_Material1` FOREIGN KEY (`idMaterial`) REFERENCES `material` (`idMaterial`) ON DELETE NO ACTION ON UPDATE NO ACTION,
  CONSTRAINT `fk_Product_Product_State1` FOREIGN KEY (`idProductState`) REFERENCES `product_state` (`idProductState`) ON DELETE NO ACTION ON UPDATE NO ACTION,
  CONSTRAINT `fk_Product_Type1` FOREIGN KEY (`idType`) REFERENCES `type` (`idType`) ON DELETE NO ACTION ON UPDATE NO ACTION
) ENGINE=InnoDB AUTO_INCREMENT=29 DEFAULT CHARSET=utf8;
/*!40101 SET character_set_client = @saved_cs_client */;

--
-- Dumping data for table `product`
--

LOCK TABLES `product` WRITE;
/*!40000 ALTER TABLE `product` DISABLE KEYS */;
INSERT INTO `product` VALUES (26,1,5,13,1292,30,'thumb20141212125853994&056_67e9e8a5-d66d-44cd-a47c-cd3ea09fd7e1.JPG',1,'2015-01-19 12:59:19',NULL,3,NULL,NULL),(27,1,5,3,1910,0,'thumb20141212130310393&126_7d3eddbf-a535-4b73-8fad-d8dcba0417de.JPG',1,'2015-01-19 12:59:19',NULL,3,500,NULL),(28,2,20,15,690,1,'thumb20141212130818063&033_1eb358a5-5e31-4e96-b8c7-764352cbb62a.JPG',1,'2015-01-19 12:59:19',1,4,2,NULL);
/*!40000 ALTER TABLE `product` ENABLE KEYS */;
UNLOCK TABLES;

--
-- Table structure for table `product_description`
--

DROP TABLE IF EXISTS `product_description`;
/*!40101 SET @saved_cs_client     = @@character_set_client */;
/*!40101 SET character_set_client = utf8 */;
CREATE TABLE `product_description` (
  `idProduct` int(11) NOT NULL,
  `idLanguages` varchar(2) NOT NULL,
  `txDescription` varchar(1000) DEFAULT NULL,
  PRIMARY KEY (`idProduct`,`idLanguages`),
  KEY `fk_ProductDescription_Product1` (`idProduct`),
  CONSTRAINT `fk_ProductDescription_Product1` FOREIGN KEY (`idProduct`) REFERENCES `product` (`idProduct`) ON DELETE NO ACTION ON UPDATE NO ACTION
) ENGINE=InnoDB DEFAULT CHARSET=utf8;
/*!40101 SET character_set_client = @saved_cs_client */;

--
-- Dumping data for table `product_description`
--

LOCK TABLES `product_description` WRITE;
/*!40000 ALTER TABLE `product_description` DISABLE KEYS */;
INSERT INTO `product_description` VALUES (26,'en','LIGHT WOOL GABARDINE SUIT'),(26,'it','ABITO IN GABARDINA DI LANA LEGGERA'),(27,'en','WOOL AND SILK BLEND TOKYO SUIT'),(27,'it','ABITO TOKYO IN LANA MISTO SETA'),(28,'en','65MM ROCKSTUD LEATHER PUMPS'),(28,'it','DECOLLET? \"ROCKSTUD\" IN PELLE 65MM');
/*!40000 ALTER TABLE `product_description` ENABLE KEYS */;
UNLOCK TABLES;

--
-- Table structure for table `product_image`
--

DROP TABLE IF EXISTS `product_image`;
/*!40101 SET @saved_cs_client     = @@character_set_client */;
/*!40101 SET character_set_client = utf8 */;
CREATE TABLE `product_image` (
  `idProduct` int(11) NOT NULL,
  `pgImage` int(11) NOT NULL,
  `txImageUrl` varchar(100) DEFAULT NULL,
  PRIMARY KEY (`idProduct`,`pgImage`),
  KEY `fk_ProductImage_Product1_idx` (`idProduct`),
  CONSTRAINT `fk_ProductImage_Product1` FOREIGN KEY (`idProduct`) REFERENCES `product` (`idProduct`) ON DELETE NO ACTION ON UPDATE NO ACTION
) ENGINE=InnoDB DEFAULT CHARSET=utf8;
/*!40101 SET character_set_client = @saved_cs_client */;

--
-- Dumping data for table `product_image`
--

LOCK TABLES `product_image` WRITE;
/*!40000 ALTER TABLE `product_image` DISABLE KEYS */;
INSERT INTO `product_image` VALUES (26,1,'20141212125853994&056_67e9e8a5-d66d-44cd-a47c-cd3ea09fd7e1.JPG'),(26,2,'20141212125853946&056_62a572b8-fff6-45bb-9fd1-a62e92f36f9a.JPG'),(26,3,'20141212125854176&056_f30d981a-4328-4d9d-90e4-f5d57d8dfb47 (1).JPG'),(27,1,'20141212130310393&126_7d3eddbf-a535-4b73-8fad-d8dcba0417de.JPG'),(27,2,'20141212130317826&126_fd3ec518-e9ac-499f-988c-06f2a2f4288e.JPG'),(27,3,'20141212130317861&126_0433937d-6f71-4eef-b33b-49d7bac974ce.JPG'),(28,1,'20141212130809331&036_1bbd79c9-88f1-413f-bd28-c62935725194.JPG'),(28,2,'20141212130818063&033_1eb358a5-5e31-4e96-b8c7-764352cbb62a.JPG'),(28,3,'20141212130818323&036_c89186f5-812d-42f7-be8c-13030095561b.JPG'),(28,4,'20141212130818290&036_7fab07d1-d8be-4582-bf31-fb485b1ea4b4.JPG');
/*!40000 ALTER TABLE `product_image` ENABLE KEYS */;
UNLOCK TABLES;

--
-- Table structure for table `product_info`
--

DROP TABLE IF EXISTS `product_info`;
/*!40101 SET @saved_cs_client     = @@character_set_client */;
/*!40101 SET character_set_client = utf8 */;
CREATE TABLE `product_info` (
  `idProduct` int(11) NOT NULL,
  `idInformazione` int(11) NOT NULL,
  `idLanguages` varchar(2) NOT NULL,
  `txDescrizione` varchar(100) DEFAULT NULL,
  PRIMARY KEY (`idProduct`,`idInformazione`,`idLanguages`)
) ENGINE=InnoDB DEFAULT CHARSET=utf8;
/*!40101 SET character_set_client = @saved_cs_client */;

--
-- Dumping data for table `product_info`
--

LOCK TABLES `product_info` WRITE;
/*!40000 ALTER TABLE `product_info` DISABLE KEYS */;
/*!40000 ALTER TABLE `product_info` ENABLE KEYS */;
UNLOCK TABLES;

--
-- Table structure for table `product_state`
--

DROP TABLE IF EXISTS `product_state`;
/*!40101 SET @saved_cs_client     = @@character_set_client */;
/*!40101 SET character_set_client = utf8 */;
CREATE TABLE `product_state` (
  `idProductState` int(11) NOT NULL,
  `txProductState` varchar(45) DEFAULT NULL,
  PRIMARY KEY (`idProductState`)
) ENGINE=InnoDB DEFAULT CHARSET=utf8;
/*!40101 SET character_set_client = @saved_cs_client */;

--
-- Dumping data for table `product_state`
--

LOCK TABLES `product_state` WRITE;
/*!40000 ALTER TABLE `product_state` DISABLE KEYS */;
INSERT INTO `product_state` VALUES (0,'INSERITO'),(1,'PUBBLICATO'),(2,'CANCELLATO');
/*!40000 ALTER TABLE `product_state` ENABLE KEYS */;
UNLOCK TABLES;

--
-- Table structure for table `provincia`
--

DROP TABLE IF EXISTS `provincia`;
/*!40101 SET @saved_cs_client     = @@character_set_client */;
/*!40101 SET character_set_client = utf8 */;
CREATE TABLE `provincia` (
  `idProvincia` int(11) NOT NULL,
  `txProvincia` varchar(100) DEFAULT NULL,
  `idRegione` int(11) NOT NULL,
  PRIMARY KEY (`idProvincia`)
) ENGINE=InnoDB DEFAULT CHARSET=utf8;
/*!40101 SET character_set_client = @saved_cs_client */;

--
-- Dumping data for table `provincia`
--

LOCK TABLES `provincia` WRITE;
/*!40000 ALTER TABLE `provincia` DISABLE KEYS */;
INSERT INTO `provincia` VALUES (1,'Ancona',1),(2,'Macerata',1),(3,'Pesaro Urbino',1),(4,'Ascoli Piceno',1),(5,'Alessandria',13),(6,'Asti',13),(7,'Biella',13),(8,'Cuneo',13),(9,'Novara',13),(10,'Vercelli',13),(11,'Torino',13),(12,'Agrigento',11),(13,'Caltanissetta',11),(14,'Catania',11),(15,'Enna',11),(16,'Messina',11),(17,'Palermo',11),(18,'Ragusa',11),(19,'Siracusa',11),(20,'Trapani',11),(21,'Catanzaro',7),(22,'Cosenza',7),(23,'Crotone',7),(24,'Reggio Calabria',7),(25,'Vibo Valentia',7),(27,'Matera',3),(28,'Potenza',3),(29,'Bari',6),(30,'Brindisi',6),(31,'Foggia',6),(32,'Lecce',6),(33,'Taranto',6),(34,'Avellino',8),(35,'Benevento',8),(36,'Caserta',8),(37,'Napoli',8),(38,'Salerno',8),(39,'Frosinone',9),(40,'Latina',9),(41,'Rieti',9),(42,'Roma',9),(43,'Viterbo',9),(44,'Chieti',2),(45,'L\'Aquila',2),(46,'Pescara',2),(47,'Teramo',2),(48,'Arezzo',12),(49,'Firenze',12),(50,'Grosseto',12),(51,'Livorno',12),(52,'Lucca',12),(53,'Massa Carrara',12),(54,'Pisa',12),(55,'Pistoia',12),(56,'Siena',12),(57,'Bologna',14),(58,'Ferrara',14),(59,'Forl Cesena',14),(60,'Modena',14),(61,'Parma',14),(62,'Piacenza',14),(63,'Ravenna',14),(64,'Reggio Emilia',14),(65,'Rimini',14),(66,'Belluno',17),(67,'Padova',17),(68,'Rovigo',17),(69,'Treviso',17),(70,'Venezia',17),(71,'Verona',17),(72,'Vicenza',17),(73,'Gorizia',15),(74,'Pordenone',15),(75,'Udine',15),(76,'Trieste',15),(77,'Aosta',16),(78,'Cagliari',10),(79,'Nuoro',10),(80,'Oristano',10),(81,'Sassari',10),(82,'Genova',18),(83,'Imperia',18),(84,'Savona',18),(85,'La Spezia',18),(86,'Isernia',4),(87,'Campobasso',4),(88,'Perugia',20),(89,'Terni',20),(90,'Bergamo',19),(91,'Brescia',19),(92,'Como',19),(93,'Cremona',19),(94,'Lecco',19),(95,'Lodi',19),(96,'Mantova',19),(97,'Milano',19),(98,'Pavia',19),(99,'Sondrio',19),(100,'Varese',19),(101,'Trento',5),(102,'Bolzano',5),(103,'Prato',12),(104,'Verbania',13),(105,'Carbonia Iglesias',10),(106,'Medio Campidano',10),(107,'Ogliastra',10),(108,'Olbia Tempio',10);
/*!40000 ALTER TABLE `provincia` ENABLE KEYS */;
UNLOCK TABLES;

--
-- Table structure for table `refound_articles`
--

DROP TABLE IF EXISTS `refound_articles`;
/*!40101 SET @saved_cs_client     = @@character_set_client */;
/*!40101 SET character_set_client = utf8 */;
CREATE TABLE `refound_articles` (
  `idRefoundArticle` int(11) NOT NULL AUTO_INCREMENT,
  `idRefound` int(11) NOT NULL,
  `idProdotto` int(11) NOT NULL,
  `pgArticle` int(11) NOT NULL,
  `qtArticle` int(11) NOT NULL,
  `fgChangeRefound` char(1) DEFAULT NULL,
  `txChangeRefound` varchar(250) DEFAULT NULL,
  `pgArticleNew` int(11) DEFAULT NULL,
  `imArticle` decimal(15,2) DEFAULT NULL,
  PRIMARY KEY (`idRefoundArticle`),
  KEY `fk_OrdersArticles_Article1_idx` (`idProdotto`,`pgArticle`),
  KEY `fk_Refound_Articles_Order_Refound1_idx` (`idRefound`),
  CONSTRAINT `fk_OrdersArticles_Article10` FOREIGN KEY (`idProdotto`, `pgArticle`) REFERENCES `article` (`idProduct`, `pgArticle`) ON DELETE NO ACTION ON UPDATE NO ACTION,
  CONSTRAINT `fk_Refound_Articles_Order_Refound1` FOREIGN KEY (`idRefound`) REFERENCES `order_refound` (`idRefound`) ON DELETE NO ACTION ON UPDATE NO ACTION
) ENGINE=InnoDB DEFAULT CHARSET=utf8;
/*!40101 SET character_set_client = @saved_cs_client */;

--
-- Dumping data for table `refound_articles`
--

LOCK TABLES `refound_articles` WRITE;
/*!40000 ALTER TABLE `refound_articles` DISABLE KEYS */;
/*!40000 ALTER TABLE `refound_articles` ENABLE KEYS */;
UNLOCK TABLES;

--
-- Table structure for table `regione`
--

DROP TABLE IF EXISTS `regione`;
/*!40101 SET @saved_cs_client     = @@character_set_client */;
/*!40101 SET character_set_client = utf8 */;
CREATE TABLE `regione` (
  `idregione` int(11) NOT NULL,
  `txRegione` varchar(45) DEFAULT NULL,
  PRIMARY KEY (`idregione`)
) ENGINE=InnoDB DEFAULT CHARSET=utf8;
/*!40101 SET character_set_client = @saved_cs_client */;

--
-- Dumping data for table `regione`
--

LOCK TABLES `regione` WRITE;
/*!40000 ALTER TABLE `regione` DISABLE KEYS */;
INSERT INTO `regione` VALUES (1,'Marche'),(2,'Abruzzo'),(3,'Basilicata'),(4,'Molise'),(5,'Trentino Alto Adige'),(6,'Puglia'),(7,'Calabria'),(8,'Campania'),(9,'Lazio'),(10,'Sardegna'),(11,'Sicilia'),(12,'Toscana'),(13,'Piemonte'),(14,'Emilia Romagna'),(15,'Friuli Venezia Giulia'),(16,'Valle d\'Aosta'),(17,'Veneto'),(18,'Liguria'),(19,'Lombardia'),(20,'Umbria');
/*!40000 ALTER TABLE `regione` ENABLE KEYS */;
UNLOCK TABLES;

--
-- Table structure for table `shops`
--

DROP TABLE IF EXISTS `shops`;
/*!40101 SET @saved_cs_client     = @@character_set_client */;
/*!40101 SET character_set_client = utf8 */;
CREATE TABLE `shops` (
  `idShop` int(11) NOT NULL,
  `txShop` varchar(100) DEFAULT NULL,
  `txMail` varchar(100) DEFAULT NULL,
  `txNome` varchar(45) DEFAULT NULL,
  `txVia` varchar(100) DEFAULT NULL,
  `txComune` varchar(100) DEFAULT NULL,
  `cdCap` int(11) DEFAULT NULL,
  `txProvincia` varchar(100) DEFAULT NULL,
  `txNazione` varchar(100) DEFAULT NULL,
  `txTel` varchar(45) DEFAULT NULL,
  PRIMARY KEY (`idShop`)
) ENGINE=InnoDB DEFAULT CHARSET=utf8;
/*!40101 SET character_set_client = @saved_cs_client */;

--
-- Dumping data for table `shops`
--

LOCK TABLES `shops` WRITE;
/*!40000 ALTER TABLE `shops` DISABLE KEYS */;
INSERT INTO `shops` VALUES (1,'Siena - via Banchi di Sotto','adunatasoftware@gmail.com','Degortes Outlet','Via Banchi di Sotto, 19 - 21','Siena',53100,'SI','Italia','+390577281103 '),(2,'Magazzino Badesse','adunatasoftware@gmail.com','Degortes Outlet','Via della Resistenza, 117/C','Siena',53100,'SI','Italia','+390577309334 ');
/*!40000 ALTER TABLE `shops` ENABLE KEYS */;
UNLOCK TABLES;

--
-- Table structure for table `site_images`
--

DROP TABLE IF EXISTS `site_images`;
/*!40101 SET @saved_cs_client     = @@character_set_client */;
/*!40101 SET character_set_client = utf8 */;
CREATE TABLE `site_images` (
  `txGroupImages` varchar(45) NOT NULL,
  `pgGroupImages` int(11) NOT NULL,
  `txName` varchar(150) DEFAULT NULL,
  `idGender` int(11) DEFAULT NULL,
  `urlRedirect` varchar(100) DEFAULT NULL,
  `txAlt` varchar(45) DEFAULT NULL,
  PRIMARY KEY (`txGroupImages`,`pgGroupImages`)
) ENGINE=InnoDB DEFAULT CHARSET=utf8;
/*!40101 SET character_set_client = @saved_cs_client */;

--
-- Dumping data for table `site_images`
--

LOCK TABLES `site_images` WRITE;
/*!40000 ALTER TABLE `site_images` DISABLE KEYS */;
INSERT INTO `site_images` VALUES ('carousel',1,'26012015103234776&foto 1 (2).JPG',NULL,NULL,'Degortes online shop'),('carousel',2,'26012015103244631&foto 1.JPG',NULL,NULL,'Degortes online shop'),('carousel',3,'26012015103248885&foto 2 (2).JPG',NULL,NULL,'Degortes online shop'),('carousel',4,'26012015103253448&foto 2.JPG',NULL,NULL,'Degortes online shop'),('carousel',5,'26012015103257495&foto 3 (2).JPG',NULL,NULL,'Degortes online shop'),('carousel',6,'26012015103307196&foto 3.JPG',NULL,NULL,'Degortes online shop'),('carousel',7,'26012015103311767&foto 4 (2).JPG',NULL,NULL,'Degortes online shop'),('carousel',8,'26012015103316296&foto 4.JPG',NULL,NULL,'Degortes online shop'),('new',1,'new.png',NULL,NULL,NULL),('newArrivals',1,'newuomo2.jpg',1,'/cart/cart-catalog.xhtml?idMenu=1&fgNewArrivals=true&idSubMenu=0&idCampaign=0',NULL),('newArrivals',2,'newdonna2.jpg',2,'/cart/cart-catalog.xhtml?idMenu=2&fgNewArrivals=true&idSubMenu=0&idCampaign=0',NULL),('promo',1,'promo.png',NULL,NULL,NULL),('tabNav',1,'uomo.png',1,NULL,NULL),('tabNav',2,'donna.png',2,NULL,NULL),('tabNav',3,'bambino.png',3,NULL,NULL),('tabNav',4,'bambina.png',4,NULL,NULL),('tabNav',5,'unisex.png',5,NULL,NULL);
/*!40000 ALTER TABLE `site_images` ENABLE KEYS */;
UNLOCK TABLES;

--
-- Table structure for table `size`
--

DROP TABLE IF EXISTS `size`;
/*!40101 SET @saved_cs_client     = @@character_set_client */;
/*!40101 SET character_set_client = utf8 */;
CREATE TABLE `size` (
  `idSize` int(11) NOT NULL,
  `txSize` varchar(10) DEFAULT NULL,
  PRIMARY KEY (`idSize`)
) ENGINE=InnoDB DEFAULT CHARSET=utf8;
/*!40101 SET character_set_client = @saved_cs_client */;

--
-- Dumping data for table `size`
--

LOCK TABLES `size` WRITE;
/*!40000 ALTER TABLE `size` DISABLE KEYS */;
INSERT INTO `size` VALUES (1,'34'),(2,'36'),(3,'38'),(4,'40'),(5,'42'),(6,'44'),(7,'46'),(8,'48'),(9,'50'),(10,'52'),(11,'54'),(12,'56'),(13,'58'),(14,'60'),(15,'XXS'),(16,'XS'),(17,'S'),(18,'M'),(19,'L'),(20,'XL'),(21,'XXL'),(22,'U'),(24,'35'),(26,'37'),(28,'39'),(30,'41'),(32,'43'),(34,'45'),(36,'47'),(37,'24'),(38,'25'),(39,'26'),(40,'27'),(41,'28'),(42,'29'),(43,'30'),(44,'31'),(45,'32'),(46,'33'),(47,'36 1/2'),(48,'37 1/2'),(49,'38 1/2'),(50,'39 1/2');
/*!40000 ALTER TABLE `size` ENABLE KEYS */;
UNLOCK TABLES;

--
-- Table structure for table `states`
--

DROP TABLE IF EXISTS `states`;
/*!40101 SET @saved_cs_client     = @@character_set_client */;
/*!40101 SET character_set_client = utf8 */;
CREATE TABLE `states` (
  `idStato` int(11) NOT NULL,
  `txStato` varchar(45) DEFAULT NULL,
  PRIMARY KEY (`idStato`),
  UNIQUE KEY `idStato_UNIQUE` (`idStato`)
) ENGINE=InnoDB DEFAULT CHARSET=utf8;
/*!40101 SET character_set_client = @saved_cs_client */;

--
-- Dumping data for table `states`
--

LOCK TABLES `states` WRITE;
/*!40000 ALTER TABLE `states` DISABLE KEYS */;
INSERT INTO `states` VALUES (1,'INSERITO'),(2,'CANCELEDREVERSAL'),(3,'COMPLETED'),(4,'DENIED'),(5,'EXPIRED'),(6,'FAILED'),(7,'INPROGRESS'),(8,'PARTIALLYREFUNDED'),(9,'PENDING'),(10,'REFUNDED'),(11,'REVERSED'),(12,'PROCESSED'),(13,'VOIDED'),(14,'COMPLETEDFUNDSHELD'),(15,'SPEDITO'),(100,'REQUEST REFOUND'),(101,'REFOUND COMPLETED'),(102,'REFOUND REFUSED'),(103,'REFOUND CANCELED'),(200,'REQUEST CHANGE'),(201,'CHANGE COMPLETED'),(202,'CHANGE REFUSED'),(203,'CHANGE CANCELED'),(204,'INSTANT');
/*!40000 ALTER TABLE `states` ENABLE KEYS */;
UNLOCK TABLES;

--
-- Table structure for table `states_orders`
--

DROP TABLE IF EXISTS `states_orders`;
/*!40101 SET @saved_cs_client     = @@character_set_client */;
/*!40101 SET character_set_client = utf8 */;
CREATE TABLE `states_orders` (
  `idOrder` int(11) NOT NULL,
  `idStato` int(11) NOT NULL,
  `dtStato` timestamp NOT NULL DEFAULT CURRENT_TIMESTAMP,
  `txNote` varchar(100) DEFAULT NULL,
  PRIMARY KEY (`idOrder`,`idStato`),
  KEY `fk_StatesOrders_States1_idx` (`idStato`),
  KEY `fk_StatesOrders_Orders1_idx` (`idOrder`),
  CONSTRAINT `fk_StatesOrders_Orders1` FOREIGN KEY (`idOrder`) REFERENCES `orders` (`idOrder`) ON DELETE NO ACTION ON UPDATE NO ACTION,
  CONSTRAINT `fk_StatesOrders_States1` FOREIGN KEY (`idStato`) REFERENCES `states` (`idStato`) ON DELETE NO ACTION ON UPDATE NO ACTION
) ENGINE=InnoDB DEFAULT CHARSET=utf8;
/*!40101 SET character_set_client = @saved_cs_client */;

--
-- Dumping data for table `states_orders`
--

LOCK TABLES `states_orders` WRITE;
/*!40000 ALTER TABLE `states_orders` DISABLE KEYS */;
INSERT INTO `states_orders` VALUES (2,1,'2015-01-20 10:26:24',NULL),(3,1,'2015-01-20 10:27:21',NULL),(4,1,'2015-01-20 10:30:05',NULL),(5,1,'2015-01-20 10:35:40',NULL),(5,3,'2015-01-20 10:36:32',NULL),(5,15,'2015-01-20 10:53:52',NULL);
/*!40000 ALTER TABLE `states_orders` ENABLE KEYS */;
UNLOCK TABLES;

--
-- Table structure for table `states_refound`
--

DROP TABLE IF EXISTS `states_refound`;
/*!40101 SET @saved_cs_client     = @@character_set_client */;
/*!40101 SET character_set_client = utf8 */;
CREATE TABLE `states_refound` (
  `idRefound` int(11) NOT NULL,
  `idStato` int(11) NOT NULL,
  `dtStato` timestamp NOT NULL DEFAULT CURRENT_TIMESTAMP,
  `txNote` varchar(100) DEFAULT NULL,
  PRIMARY KEY (`idRefound`,`idStato`),
  KEY `fk_StatesOrders_States1_idx` (`idStato`),
  KEY `fk_States_Orders_copy1_Order_Refound1_idx` (`idRefound`),
  CONSTRAINT `fk_StatesOrders_States10` FOREIGN KEY (`idStato`) REFERENCES `states` (`idStato`) ON DELETE NO ACTION ON UPDATE NO ACTION,
  CONSTRAINT `fk_States_Orders_copy1_Order_Refound1` FOREIGN KEY (`idRefound`) REFERENCES `order_refound` (`idRefound`) ON DELETE NO ACTION ON UPDATE NO ACTION
) ENGINE=InnoDB DEFAULT CHARSET=utf8;
/*!40101 SET character_set_client = @saved_cs_client */;

--
-- Dumping data for table `states_refound`
--

LOCK TABLES `states_refound` WRITE;
/*!40000 ALTER TABLE `states_refound` DISABLE KEYS */;
/*!40000 ALTER TABLE `states_refound` ENABLE KEYS */;
UNLOCK TABLES;

--
-- Table structure for table `type`
--

DROP TABLE IF EXISTS `type`;
/*!40101 SET @saved_cs_client     = @@character_set_client */;
/*!40101 SET character_set_client = utf8 */;
CREATE TABLE `type` (
  `idType` int(11) NOT NULL,
  `idLanguages` varchar(2) NOT NULL,
  `txType` varchar(200) NOT NULL,
  PRIMARY KEY (`idType`,`idLanguages`)
) ENGINE=InnoDB DEFAULT CHARSET=utf8;
/*!40101 SET character_set_client = @saved_cs_client */;

--
-- Dumping data for table `type`
--

LOCK TABLES `type` WRITE;
/*!40000 ALTER TABLE `type` DISABLE KEYS */;
INSERT INTO `type` VALUES (1,'en','ACCESSORIES'),(1,'it','ACCESSORI'),(2,'en','SHORTS'),(2,'it','BERMUDA'),(3,'en','SHIRTS'),(3,'it','CAMICIE'),(4,'en','COATS'),(4,'it','CAPPOTTI'),(5,'en','SUITS'),(5,'it','COMPLETI'),(6,'en','SWIMWEAR'),(6,'it','COSTUMI DA BAGNO'),(7,'en','SWEATSHIRTS'),(7,'it','FELPE'),(8,'en','JACKETS'),(8,'it','GIACCHE'),(9,'en','LEATHER JACKETS'),(9,'it','GIACCHE DI PELLE'),(10,'en','GILET'),(10,'it','GILET'),(11,'en','CASUAL JACKETS'),(11,'it','GIUBBOTTI'),(12,'en','SKIRTS'),(12,'it','GONNE'),(13,'en','UNDERWEAR'),(13,'it','INTIMO'),(14,'en','JEANS'),(14,'it','JEANS'),(15,'en','KNITWEAR'),(15,'it','MAGLIERIA'),(16,'en','PANTS'),(16,'it','PANTALONI'),(17,'en','FUR AND SHEARLING'),(17,'it','PELLICCE E SHEARLING'),(18,'en','DOWN JACKETS'),(18,'it','PIUMINI'),(19,'en','POLOS'),(19,'it','POLO'),(20,'en','SHOES'),(20,'it','SCARPE'),(21,'en','T-SHIRTS'),(21,'it','T-SHIRTS'),(22,'en','VESTS'),(22,'it','VESTITI');
/*!40000 ALTER TABLE `type` ENABLE KEYS */;
UNLOCK TABLES;

--
-- Table structure for table `type_state_account`
--

DROP TABLE IF EXISTS `type_state_account`;
/*!40101 SET @saved_cs_client     = @@character_set_client */;
/*!40101 SET character_set_client = utf8 */;
CREATE TABLE `type_state_account` (
  `idTypeState` int(11) NOT NULL,
  `txTypeState` varchar(45) DEFAULT NULL,
  PRIMARY KEY (`idTypeState`)
) ENGINE=InnoDB DEFAULT CHARSET=utf8;
/*!40101 SET character_set_client = @saved_cs_client */;

--
-- Dumping data for table `type_state_account`
--

LOCK TABLES `type_state_account` WRITE;
/*!40000 ALTER TABLE `type_state_account` DISABLE KEYS */;
INSERT INTO `type_state_account` VALUES (1,'DISATTIVATO'),(2,'ATTIVATO'),(3,'CESSATO'),(4,'RESET_PSW');
/*!40000 ALTER TABLE `type_state_account` ENABLE KEYS */;
UNLOCK TABLES;
/*!40103 SET TIME_ZONE=@OLD_TIME_ZONE */;

/*!40101 SET SQL_MODE=@OLD_SQL_MODE */;
/*!40014 SET FOREIGN_KEY_CHECKS=@OLD_FOREIGN_KEY_CHECKS */;
/*!40014 SET UNIQUE_CHECKS=@OLD_UNIQUE_CHECKS */;
/*!40101 SET CHARACTER_SET_CLIENT=@OLD_CHARACTER_SET_CLIENT */;
/*!40101 SET CHARACTER_SET_RESULTS=@OLD_CHARACTER_SET_RESULTS */;
/*!40101 SET COLLATION_CONNECTION=@OLD_COLLATION_CONNECTION */;
/*!40111 SET SQL_NOTES=@OLD_SQL_NOTES */;

-- Dump completed on 2015-02-02 17:08:22
